,benchmark
2020-01-02,1000000.0
2020-01-03,1039513.4318941424
2020-01-06,1087643.0352936906
2020-01-07,1083196.7347885931
2020-01-08,1114882.98154396
2020-01-09,1083098.911657435
2020-01-10,1064539.7323700567
2020-01-13,1040465.8338463269
2020-01-14,1043206.9014511384
2020-01-15,1035419.3156332748
2020-01-16,1024240.874198194
2020-01-17,1031962.7697845134
2020-01-20,1039611.6079060901
2020-01-21,1037818.8108056686
2020-01-22,1024412.9119940711
2020-01-23,1010111.8354383374
2020-02-03,925364.7922775933
2020-02-04,899291.0678850693
2020-02-05,916086.9840318636
2020-02-06,930110.355286572
2020-02-07,928131.7880686074
2020-02-10,939373.413791943
2020-02-11,939765.2396520323
2020-02-12,939498.0761460213
2020-02-13,946085.0765425649
2020-02-14,929955.8943367571
2020-02-17,947605.8974093645
2020-02-18,950054.2143908842
2020-02-19,955961.3657874817
2020-02-20,958833.613967367
2020-02-21,964633.8173059263
2020-02-24,952023.736955021
2020-02-25,925036.6156202625
2020-02-26,929032.4928731753
2020-02-27,926611.4736255895
2020-02-28,928070.6419320035
2020-03-02,932310.8751164231
2020-03-03,954951.389423876
2020-03-04,948574.356683238
2020-03-05,961474.0648078917
2020-03-06,957439.9242447619
2020-03-09,954083.6391741114
2020-03-10,937470.2830632582
2020-03-11,940553.6888711164
2020-03-12,918347.2689689527
2020-03-13,906141.323280654
2020-03-16,912265.7199683309
2020-03-17,891243.2938292596
2020-03-18,883988.2664153269
2020-03-19,865600.7966855209
2020-03-20,875160.959363475
2020-03-23,858093.1783605217
2020-03-24,861939.2906684983
2020-03-25,874139.6798760406
2020-03-26,873915.7065926257
2020-03-27,870376.5165796583
2020-03-30,849723.0265130734
2020-03-31,855837.6784562398
2020-04-01,846946.9660158276
2020-04-02,884839.3962587578
2020-04-03,895820.4168347399
2020-04-07,908673.7356524138
2020-04-08,894017.2376353871
2020-04-09,901934.6492243239
2020-04-10,891878.6824731675
2020-04-13,889549.4714919168
2020-04-14,882339.8627361886
2020-04-15,879027.7996378992
2020-04-16,874955.8283218107
2020-04-17,885122.958255589
2020-04-20,882816.9135660672
2020-04-21,883750.0872376263
2020-04-22,866280.6198448134
2020-04-23,893715.1853146054
2020-04-24,883641.4810085826
2020-04-27,862952.2462585103
2020-04-28,846932.1663570652
2020-04-29,837847.4507166119
2020-04-30,846229.6272269053
2020-05-06,849713.9949643054
2020-05-07,846240.6992854261
2020-05-08,852882.7330663461
2020-05-11,853273.7621186641
2020-05-12,849357.3809422692
2020-05-13,840650.8890487988
2020-05-14,845757.2859124473
2020-05-15,842409.6529994856
2020-05-18,845801.9983822514
2020-05-19,857740.8600801965
2020-05-20,839712.4845581742
2020-05-21,839409.9007718918
2020-05-22,829245.5954301861
2020-05-25,816841.2951027965
2020-05-26,814240.3280933155
2020-05-27,811042.9254501967
2020-05-28,809964.8985553599
2020-05-29,805276.6781416456
2020-06-01,810675.0394921362
2020-06-02,818279.158433146
2020-06-03,829090.7430661751
2020-06-04,824396.1843700776
2020-06-05,822628.2147161113
2020-06-08,842034.2458803575
2020-06-09,833634.985385684
2020-06-10,828200.2923420612
2020-06-11,823871.2930635501
2020-06-12,813798.1839682666
2020-06-15,816648.9951284315
2020-06-16,823950.5970134598
2020-06-17,832118.9024751639
2020-06-18,836382.3111935204
2020-06-19,839897.5512590283
2020-06-22,837877.1603941591
2020-06-23,829060.9509528159
2020-06-24,827207.0774033205
2020-06-29,825187.6982260154
2020-06-30,825443.1124467318
2020-07-01,835241.2309422048
2020-07-02,841712.5957735385
2020-07-03,852973.4300300984
2020-07-06,902651.8249301933
2020-07-07,931145.4499937131
2020-07-08,931928.8838524912
2020-07-09,960068.6967853007
2020-07-10,935346.8971350682
2020-07-13,924868.0039041735
2020-07-14,927421.6243249505
2020-07-15,929248.0086151038
2020-07-16,911360.1317789013
2020-07-17,884410.9306798088
2020-07-20,897316.6619809227
2020-07-21,903540.4892443308
2020-07-22,933754.0920799893
2020-07-23,912698.6857137468
2020-07-24,924003.8699273398
2020-07-27,897358.2916671328
2020-07-28,899706.9671106181
2020-07-29,902863.5993079074
2020-07-30,911286.8487086467
2020-07-31,902563.7972767459
2020-08-03,917553.5772027283
2020-08-04,935304.7946789347
2020-08-05,950286.6484748109
2020-08-06,950731.0440184375
2020-08-07,940254.9635168198
2020-08-10,935667.181338884
2020-08-11,936217.7151857385
2020-08-12,926130.5215453178
2020-08-13,934062.4276376275
2020-08-14,928711.1574123587
2020-08-17,938183.7687681923
2020-08-18,940246.9954258336
2020-08-19,940517.1570358347
2020-08-20,934674.0246464056
2020-08-21,930457.6759339256
2020-08-24,925422.2498778922
2020-08-25,926366.8466218212
2020-08-26,923191.0501958522
2020-08-27,912687.017935344
2020-08-28,913655.0282616498
2020-08-31,912169.3265624699
2020-09-01,903210.282695057
2020-09-02,892176.2677495586
2020-09-03,889760.7937124291
2020-09-04,878681.3492315646
2020-09-07,883301.8329557992
2020-09-08,881668.5086506573
2020-09-09,880878.3735574814
2020-09-10,876019.5420933398
2020-09-11,866142.4039443326
2020-09-14,872168.9063630231
2020-09-15,868805.1695340748
2020-09-16,890054.4546223346
2020-09-17,906997.3335032123
2020-09-18,895684.1997154973
2020-09-21,903083.8312551983
2020-09-22,894855.6603190972
2020-09-23,886385.8295697225
2020-09-24,874608.4165562256
2020-09-25,865724.9811263572
2020-09-28,861489.4964973606
2020-09-29,859305.751015123
2020-09-30,865308.9322507763
2020-10-09,876227.6611659004
2020-10-12,880505.8996717371
2020-10-13,887628.9650137813
2020-10-14,891945.6501620505
2020-10-15,886756.2188837245
2020-10-16,885172.7635193513
2020-10-19,886310.1932580065
2020-10-20,873214.5317488358
2020-10-21,875660.949570007
2020-10-22,866548.4725824307
2020-10-23,870914.2708619426
2020-10-26,862250.7281488869
2020-10-27,851077.1027698679
2020-10-28,844056.0848942689
2020-10-29,841852.2039964249
2020-10-30,848012.0749664992
2020-11-02,823657.0589714128
2020-11-03,831479.5069934716
2020-11-04,833645.3824422534
2020-11-05,838030.2986968434
2020-11-06,837034.2226515503
2020-11-09,843553.1611581064
2020-11-10,887659.4585492812
2020-11-11,874672.9080496129
2020-11-12,877936.8956061456
2020-11-13,866540.0504039624
2020-11-16,870456.2483936568
2020-11-17,881374.6996254973
2020-11-18,881358.7255072615
2020-11-19,869973.1144679182
2020-11-20,857536.6899996743
2020-11-23,871399.1984062588
2020-11-24,892791.5291953809
2020-11-25,942048.9139807991
2020-11-26,918792.0732539616
2020-11-27,904247.7362691266
2020-11-30,911775.9918215142
2020-12-01,889432.1202217202
2020-12-02,891645.3664911824
2020-12-03,907816.750236703
2020-12-04,907032.2893777771
2020-12-07,894366.4848673905
2020-12-08,876676.9292450077
2020-12-09,870457.4647264276
2020-12-10,862071.7148672956
2020-12-11,883236.9078448495
2020-12-14,867398.5501130914
2020-12-15,850270.665757023
2020-12-16,845012.0746766212
2020-12-17,856668.2472219432
2020-12-18,863070.0759768559
2020-12-21,851482.7069017568
2020-12-22,838967.0086831431
2020-12-23,820171.2680004237
2020-12-24,825104.3447179804
2020-12-25,825546.5163865548
2020-12-28,816219.4283408413
2020-12-29,799750.4652504746
2020-12-30,797641.82768529
2020-12-31,801142.5882902328
2021-01-04,810048.0863374488
2021-01-05,801785.4892911189
2021-01-06,836863.0018049906
2021-01-07,828931.3400935885
2021-01-08,825944.8250008821
2021-01-11,822706.7549784569
2021-01-12,800047.2858140628
2021-01-13,813718.6448878791
2021-01-14,808407.0767288168
2021-01-15,813778.9239002531
2021-01-18,805148.6654366129
2021-01-19,809142.9518826092
2021-01-20,813752.2068303901
2021-01-21,807502.8993230491
2021-01-22,799618.1280026603
2021-01-25,774104.2964646122
2021-01-26,767837.4153237827
2021-01-27,772441.5802315541
2021-01-28,772037.2305335476
2021-01-29,768949.4552755589
2021-02-01,766657.6119151588
2021-02-02,771430.8286655049
2021-02-03,769604.9017396274
2021-02-04,763993.9717034216
2021-02-05,761686.4891750055
2021-02-08,763951.0184009316
2021-02-09,786981.0789886304
2021-02-10,788534.5346204177
2021-02-18,856427.0806319125
2021-02-19,825845.4347380534
2021-02-22,879171.9002495186
2021-02-23,900681.0443817457
2021-02-24,895390.6673720047
2021-02-25,892534.4245334305
2021-02-26,862538.4878945161
2021-03-01,865334.6510914057
2021-03-02,851977.1853041429
2021-03-03,839723.6957347646
2021-03-04,880307.3948834303
2021-03-05,925910.726279
2021-03-08,962878.1186682568
2021-03-09,953378.4381733381
2021-03-10,937021.2103315425
2021-03-11,910362.2554811793
2021-03-12,939308.9155448752
2021-03-15,944623.3942232485
2021-03-16,929353.2658855185
2021-03-17,932750.265885213
2021-03-18,919732.4760759872
2021-03-19,882561.0724489674
2021-03-22,877240.9577287973
2021-03-23,873923.0583212429
2021-03-24,838100.8874184326
2021-03-25,852744.0707433884
2021-03-26,849042.8209775271
2021-03-29,880215.213026164
2021-03-30,903263.7076110878
2021-03-31,897881.6118204534
2021-04-01,865095.944092676
2021-04-02,863350.5054584845
2021-04-06,849932.1178511688
2021-04-07,857001.7399714245
2021-04-08,861088.7762690844
2021-04-09,858438.088888269
2021-04-12,855427.857018774
2021-04-13,849545.9903507682
2021-04-14,838350.0422973156
2021-04-15,846301.1880128573
2021-04-16,855564.7601315747
2021-04-19,855759.4544920492
2021-04-20,847258.1166906898
2021-04-21,833833.6288018269
2021-04-22,824921.5493159109
2021-04-23,815079.5486801869
2021-04-26,811545.949581277
2021-04-27,802464.0131688918
2021-04-28,807272.7571582372
2021-04-29,818454.2724893212
2021-04-30,819232.9046904485
2021-05-06,844540.7630230013
2021-05-07,849052.8939986512
2021-05-10,890297.8147598156
2021-05-11,881459.4439300745
2021-05-12,901443.2574821331
2021-05-13,907544.6536226382
2021-05-14,883793.2770344324
2021-05-17,892903.3907256074
2021-05-18,926336.6499688718
2021-05-19,907178.001405907
2021-05-20,881365.120805642
2021-05-21,883059.5313437709
2021-05-24,887117.1083516277
2021-05-25,894444.8766152876
2021-05-26,887904.7384159754
2021-05-27,894876.5341749009
2021-05-28,897822.20190347
2021-05-31,876630.8227442786
2021-06-01,907187.6078555592
2021-06-02,925785.8782234314
2021-06-03,932428.1105979928
2021-06-04,908842.8931884252
2021-06-07,911365.3579682668
2021-06-08,899939.6723186311
2021-06-09,938744.6305834284
2021-06-10,932603.4757009954
2021-06-11,979077.6190951596
2021-06-15,986409.7811749134
2021-06-16,1001669.2332175181
2021-06-17,977503.283901158
2021-06-18,954570.714635127
2021-06-21,956995.1023228433
2021-06-22,1000223.6826534199
2021-06-23,980596.4633260426
2021-06-24,975450.0229091063
2021-06-25,983898.4103873142
2021-06-28,976662.2884867784
2021-06-29,952696.7718052409
2021-06-30,949299.4882584938
2021-07-01,944418.2853810919
2021-07-02,970732.8220327509
2021-07-05,951240.819231075
2021-07-06,955500.4266462318
2021-07-07,937564.5207189173
2021-07-08,925395.1212748659
2021-07-09,915539.9190487894
2021-07-12,920907.3151935996
2021-07-13,916723.0921300304
2021-07-14,919837.4684557072
2021-07-15,896403.5574387318
2021-07-16,890567.4089377401
2021-07-19,875508.8618487715
2021-07-20,858848.3164615869
2021-07-21,863765.4007157952
2021-07-22,887826.0589425425
2021-07-23,876699.9952773614
2021-07-26,860555.1273540199
2021-07-27,865787.3741166734
2021-07-28,858334.2989231666
2021-07-29,849482.641685494
2021-07-30,855063.567903595
2021-08-02,852509.760652783
2021-08-03,852296.0285531095
2021-08-04,848868.8447025076
2021-08-05,847283.9074278723
2021-08-06,841989.513112872
2021-08-09,845743.8158379176
2021-08-10,855086.969271959
2021-08-11,861526.2604779257
2021-08-12,862413.8421395434
2021-08-13,858181.7534491564
2021-08-16,864805.2185484758
2021-08-17,864515.7559111938
2021-08-18,852754.2413990378
2021-08-19,844588.4379847739
2021-08-20,846446.2418028866
2021-08-23,872628.3257409381
2021-08-24,877581.648815473
2021-08-25,888453.0763854317
2021-08-26,898418.8132485314
2021-08-27,899075.2999149982
2021-08-30,939976.8523467547
2021-08-31,964310.0075070561
2021-09-01,986917.0454210974
2021-09-02,981662.9215323777
2021-09-03,1004475.7484677095
2021-09-06,1029323.1502847145
2021-09-07,1058573.2034422485
2021-09-08,1066194.725528239
2021-09-09,1114127.2577442524
2021-09-10,1111795.2173219332
2021-09-13,1100985.1903891622
2021-09-14,1169798.3054567056
2021-09-15,1145881.435925953
2021-09-16,1168288.6148336185
2021-09-17,1146989.8549617843
2021-09-22,1159482.465131451
2021-09-23,1171550.348162774
2021-09-24,1189308.7685669353
2021-09-27,1170479.6396367147
2021-09-28,1194879.0001104362
2021-09-29,1157311.1886209715
2021-09-30,1108551.2791642642
2021-10-08,1177544.3516788704
2021-10-11,1204502.8612016588
2021-10-12,1226055.7548293325
2021-10-13,1178895.762241675
2021-10-14,1134922.715986224
2021-10-15,1163438.3918884795
2021-10-18,1206748.7425412692
2021-10-19,1208126.6099328022
2021-10-20,1189911.6588135078
2021-10-21,1195689.6895471928
2021-10-22,1161983.7552158204
2021-10-25,1184510.487356243
2021-10-26,1168310.573560022
2021-10-27,1144567.109405249
2021-10-28,1104037.4847310204
2021-10-29,1072555.9799524853
2021-11-01,1081791.1627092273
2021-11-02,1084434.8042345177
2021-11-03,1052373.5550018137
2021-11-04,1035947.3361541833
2021-11-05,1024866.2670634417
2021-11-08,1019245.2824054467
2021-11-09,1005514.0962446905
2021-11-10,1009191.6679777876
2021-11-11,992278.865253519
2021-11-12,994476.8202209866
2021-11-15,994521.5685452879
2021-11-16,993894.8400308865
2021-11-17,988126.5893388697
2021-11-18,981038.7831750829
2021-11-19,999268.2069638761
2021-11-22,989205.7607332423
2021-11-23,992857.5391632726
2021-11-24,1013262.7317248655
2021-11-25,997984.6802757687
2021-11-26,986352.2691214427
2021-11-29,972389.2782323462
2021-11-30,993789.5094212097
2021-12-01,1008496.0289618066
2021-12-02,1018356.776258478
2021-12-03,1037875.0334179976
2021-12-06,1040309.2272637689
2021-12-07,1038466.1037346167
2021-12-08,1055138.5068519504
2021-12-09,1051818.7286171175
2021-12-10,1043065.984645289
2021-12-13,1031323.3043633386
2021-12-14,1019830.0848552547
2021-12-15,1015512.0057983497
2021-12-16,1029549.5009719441
2021-12-17,1038498.0696590976
2021-12-20,1014869.4065183685
2021-12-21,1016731.458203859
2021-12-22,1034652.6276231257
2021-12-23,1031359.7712978043
2021-12-24,1042765.3394489828
2021-12-27,1049560.0212816251
2021-12-28,1069070.3670851884
2021-12-29,1067923.9668856037
2021-12-30,1061729.9682632522
2021-12-31,1057097.753540116
2022-01-04,1060382.7157583623
2022-01-05,1075600.0266471265
2022-01-06,1086136.1498655956
2022-01-07,1123224.2941920832
2022-01-10,1100330.399167091
2022-01-11,1091847.5635326935
2022-01-12,1110863.533202766
2022-01-13,1124498.3745652942
2022-01-14,1098925.2082942745
2022-01-17,1093640.2202486135
2022-01-18,1114843.2973945667
2022-01-19,1124085.2183982288
2022-01-20,1095225.7828336041
2022-01-21,1069448.0260056974
2022-01-24,1083101.2445370792
2022-01-25,1070854.0564924763
2022-01-26,1062873.0050317808
2022-01-27,1071403.3999360092
2022-01-28,1054759.957737389
2022-02-07,1116506.558671377
2022-02-08,1146466.1685500625
2022-02-09,1150357.8100816535
2022-02-10,1156918.621611283
2022-02-11,1182140.5308203483
2022-02-14,1224652.0833929623
2022-02-15,1198816.8404434486
2022-02-16,1144683.2733799105
2022-02-17,1159770.9633951217
2022-02-18,1138167.6989906281
2022-02-21,1151019.1992013166
2022-02-22,1188003.3795695028
2022-02-23,1163013.700454028
2022-02-24,1228617.509401364
2022-02-25,1224188.3277193713
2022-02-28,1252490.2678598478
2022-03-01,1256898.3609827533
2022-03-02,1324078.9377727616
2022-03-03,1371685.8012404542
2022-03-04,1373745.5621518122
2022-03-07,1405329.469891503
2022-03-08,1377989.2836469228
2022-03-09,1357965.684001738
2022-03-10,1284591.7308582207
2022-03-11,1258198.7904229097
2022-03-14,1223142.0373357143
2022-03-15,1158688.9445136662
2022-03-16,1127267.3401126687
2022-03-17,1165238.7906538658
2022-03-18,1203707.056378807
2022-03-21,1197347.1748926172
2022-03-22,1229911.0705421264
2022-03-23,1236324.9205082469
2022-03-24,1245880.3089024227
2022-03-25,1223570.4290152874
2022-03-28,1237431.150266944
2022-03-29,1226477.9344431155
2022-03-30,1210833.2832079406
2022-03-31,1203609.352997526
2022-04-01,1189058.7110467977
2022-04-06,1224503.7677791321
2022-04-07,1216753.5744726886
2022-04-08,1202046.288887156
2022-04-11,1203380.7214879896
2022-04-12,1192966.1533371934
2022-04-13,1238860.645775462
2022-04-14,1238696.4438237525
2022-04-15,1245612.6167936889
2022-04-18,1206306.2236288995
2022-04-19,1235101.952641072
2022-04-20,1222406.7124135061
2022-04-21,1201152.8893567338
2022-04-22,1195373.5921346035
2022-04-25,1197432.102419448
2022-04-26,1079730.528064966
2022-04-27,1094954.8769106735
2022-04-28,1116081.220521976
2022-04-29,1188446.847253563
2022-05-05,1232593.709844981
2022-05-06,1224881.7409978039
2022-05-09,1239972.3043801659
2022-05-10,1204993.4230485626
2022-05-11,1212509.0330283989
2022-05-12,1229199.1420525156
2022-05-13,1220305.4674756138
2022-05-16,1235504.9197952005
2022-05-17,1272780.382307783
2022-05-18,1252266.0806658892
2022-05-19,1218550.0283060572
2022-05-20,1229637.1750081892
2022-05-23,1248458.1995851188
2022-05-24,1249538.4423552747
2022-05-25,1271588.4194337637
2022-05-26,1308479.10137478
2022-05-27,1402109.2257747361
2022-05-30,1440476.2344735085
2022-05-31,1450264.929973281
2022-06-01,1440208.6549540847
2022-06-02,1386864.2136883312
2022-06-06,1410207.101089741
2022-06-07,1424959.102553833
2022-06-08,1442602.630560627
2022-06-09,1524514.8721552019
2022-06-10,1551205.2378250363
2022-06-13,1547240.8448552745
2022-06-14,1600545.3481617179
2022-06-15,1621095.0385750574
2022-06-16,1540513.4907233168
2022-06-17,1488280.4727472183
2022-06-20,1399152.0929174158
2022-06-21,1363069.1940534876
2022-06-22,1350413.1813426013
2022-06-23,1329162.4337030293
2022-06-24,1333717.8387636985
2022-06-27,1362052.1346057435
2022-06-28,1398297.0146901377
2022-06-29,1405989.4017852286
2022-06-30,1353800.2941304746
2022-07-01,1331077.4489243797
2022-07-04,1358576.5280882549
2022-07-05,1376455.0533606808
2022-07-06,1297692.8662253118
2022-07-07,1273490.730546913
2022-07-08,1300593.8591588202
2022-07-11,1278583.702435147
2022-07-12,1271830.3730969855
2022-07-13,1256360.0263255276
2022-07-14,1268113.7478589858
2022-07-15,1262885.741046715
2022-07-18,1296379.513328444
2022-07-19,1322531.6678567394
2022-07-20,1323510.8720960496
2022-07-21,1307243.2900259532
2022-07-22,1295374.0990043
2022-07-25,1282974.6733218988
2022-07-26,1301044.3120696892
2022-07-27,1311096.4454038674
2022-07-28,1325830.7809141432
2022-07-29,1331148.5252410306
2022-08-01,1320781.0747095386
2022-08-02,1293371.41800179
2022-08-03,1292298.5307369716
2022-08-04,1258989.8362094103
2022-08-05,1245298.2790895659
2022-08-08,1243090.3499339803
2022-08-09,1265360.1799089974
2022-08-10,1278115.306965202
2022-08-11,1281153.292164849
2022-08-12,1353061.7195615745
2022-08-15,1368161.4075311339
2022-08-16,1333503.8001709625
2022-08-17,1327693.2596637555
2022-08-18,1327056.7080641247
2022-08-19,1337026.673187694
2022-08-22,1320403.8601130391
2022-08-23,1396260.2539573489
2022-08-24,1418328.6256236811
2022-08-25,1482896.887853524
2022-08-26,1490579.8745339364
2022-08-29,1499211.8087921063
2022-08-30,1514641.5346342253
2022-08-31,1425512.8937769078
2022-09-01,1414202.7710939725
2022-09-02,1421289.3437167422
2022-09-05,1492192.8423162047
2022-09-06,1519548.7587771616
2022-09-07,1504375.9293595229
2022-09-08,1478972.6818170063
2022-09-09,1482817.7147678891
2022-09-13,1496321.7689780388
2022-09-14,1531203.5859700819
2022-09-15,1545024.66562393
2022-09-16,1487965.9358424423
2022-09-19,1450919.6047374983
2022-09-20,1447837.3006613236
2022-09-21,1482159.0939637802
2022-09-22,1512530.1609384574
2022-09-23,1560096.1203085321
2022-09-26,1471835.692352576
2022-09-27,1414163.85251179
2022-09-28,1417026.627861479
2022-09-29,1420896.9372123235
2022-09-30,1408362.6641348915
2022-10-10,1499351.381176486
2022-10-11,1492822.2430222565
2022-10-12,1466531.7558408394
2022-10-13,1491505.9095583938
2022-10-14,1491742.7846022747
2022-10-17,1489228.791764111
2022-10-18,1486546.9399294055
2022-10-19,1450008.7340410184
2022-10-20,1480089.07409284
2022-10-21,1447485.1436068045
2022-10-24,1472922.5161472266
2022-10-25,1454688.1459678144
2022-10-26,1433964.5873615465
2022-10-27,1427836.711463174
2022-10-28,1419315.4237904157
2022-10-31,1375405.9881765288
2022-11-01,1354333.7476115425
2022-11-02,1375658.9851796448
2022-11-03,1390617.7934170207
2022-11-04,1408164.4680410044
2022-11-07,1484935.9570289783
2022-11-08,1477459.2885379873
2022-11-09,1456976.0598367304
2022-11-10,1421918.8386680598
2022-11-11,1447820.067876631
2022-11-14,1444524.8026083296
2022-11-15,1412993.8522323754
2022-11-16,1436554.1342231804
2022-11-17,1417034.2059629136
2022-11-18,1400887.7890679652
2022-11-21,1377619.22736565
2022-11-22,1415688.7199569223
2022-11-23,1436794.8798999065
2022-11-24,1425563.6927814994
2022-11-25,1440120.9951479437
2022-11-28,1426812.5843036678
2022-11-29,1438702.024831242
2022-11-30,1465673.7983568304
2022-12-01,1476746.1671079875
2022-12-02,1482933.9639707769
2022-12-05,1499738.4172284093
2022-12-06,1473921.65253058
2022-12-07,1446782.266730446
2022-12-08,1436161.0594341878
2022-12-09,1417720.9510190932
2022-12-12,1412278.858146037
2022-12-13,1406922.7505264953
2022-12-14,1403935.0960326395
2022-12-15,1404222.3403492759
2022-12-16,1389548.658670729
2022-12-19,1364457.3963589764
2022-12-20,1344386.753592292
2022-12-21,1340619.9177129376
2022-12-22,1341778.7578808672
2022-12-23,1312338.6602460095
2022-12-26,1338118.2017850196
2022-12-27,1350724.1280076597
2022-12-28,1352664.0294515735
2022-12-29,1335751.7543328686
2022-12-30,1330487.7176637002
2023-01-03,1345882.7371055179
2023-01-04,1338630.6007710516
2023-01-05,1329250.9091905379
2023-01-06,1331407.5940866498
2023-01-09,1337626.1601421784
2023-01-10,1338029.5494381497
2023-01-11,1340556.3550430222
2023-01-12,1360664.7428429876
2023-01-13,1370308.2320785378
2023-01-16,1375336.55919316
2023-01-17,1370726.1478252036
2023-01-18,1389321.9094513971
2023-01-19,1382359.2838897738
2023-01-20,1421905.6804902581
2023-01-30,1433210.8213579706
2023-01-31,1414638.8219459266
2023-02-01,1417760.5924419514
2023-02-02,1418032.5612137679
2023-02-03,1407564.993586454
2023-02-06,1397658.4416850372
2023-02-07,1405883.377039315
2023-02-08,1431428.979377147
2023-02-09,1412196.2156703486
2023-02-10,1403680.9326517028
2023-02-13,1409497.7758655923
2023-02-14,1411890.629443183
2023-02-15,1407731.415230065
2023-02-16,1412451.9420638264
2023-02-17,1396891.9609336918
2023-02-20,1407556.37038301
2023-02-21,1427112.1360955944
2023-02-22,1424692.825138124
2023-02-23,1429770.2503678577
2023-02-24,1427719.82366015
2023-02-27,1428309.8833974204
2023-02-28,1453487.2620461383
2023-03-01,1453203.4753602392
2023-03-02,1481436.148678834
2023-03-03,1510389.6875434357
2023-03-06,1534612.006951285
2023-03-07,1620861.1775307832
2023-03-08,1557895.1905626643
2023-03-09,1571473.327671412
2023-03-10,1534682.2074280006
2023-03-13,1580185.4749733335
2023-03-14,1557553.0042272643
2023-03-15,1540459.665398316
2023-03-16,1498715.181844388
2023-03-17,1548722.5018201026
2023-03-20,1556802.74921747
2023-03-21,1513882.7842355524
2023-03-22,1515982.934997683
2023-03-23,1513075.9984178625
2023-03-24,1496523.2035541618
2023-03-27,1454793.0945605997
2023-03-28,1501461.1127841691
2023-03-29,1484682.3349522948
2023-03-30,1500803.7659552488
2023-03-31,1494837.5593647715
2023-04-03,1572747.2312712625
2023-04-04,1586973.832723496
2023-04-06,1557834.6577296199
2023-04-07,1543039.6896923815
2023-04-10,1576905.7014546166
2023-04-11,1578741.80728899
2023-04-12,1628020.3237300236
2023-04-13,1688742.4307909484
2023-04-14,1658839.125369898
2023-04-17,1723592.5494536455
2023-04-18,1706636.0402412845
2023-04-19,1710020.9717997338
2023-04-20,1713117.5414465752
2023-04-21,1730666.5894750291
2023-04-24,1689269.1432014203
2023-04-25,1705366.2434230382
2023-04-26,1685315.775462469
2023-04-27,1677534.075891657
2023-04-28,1752385.850364025
2023-05-04,1752706.7146782682
2023-05-05,1737547.5060010895
2023-05-08,1815036.4770689143
2023-05-09,1824133.2304917143
2023-05-10,1753750.084198794
2023-05-11,1707426.0246965347
2023-05-12,1700196.7930856512
2023-05-15,1663467.7122667362
2023-05-16,1725682.973401057
2023-05-17,1690643.387292597
2023-05-18,1741828.757902054
2023-05-19,1725538.815654617
2023-05-22,1705458.4419707977
2023-05-23,1714175.6117446243
2023-05-24,1679979.6117536041
2023-05-25,1658100.6852369944
2023-05-26,1653445.7716225162
2023-05-29,1714160.5761934503
2023-05-30,1714145.0024164116
2023-05-31,1679842.0515324199
2023-06-01,1696544.2766490565
2023-06-02,1719777.8394568781
2023-06-05,1722099.350912587
2023-06-06,1700293.5991045977
2023-06-07,1679290.9403705338
2023-06-08,1703524.730122592
2023-06-09,1703668.5251171584
2023-06-12,1714513.9796185365
2023-06-13,1672132.077634274
2023-06-14,1681977.9501869557
2023-06-15,1664985.7808768654
2023-06-16,1701082.8478077508
2023-06-19,1677666.233192736
2023-06-20,1670131.31120733
2023-06-21,1677640.052067025
2023-06-26,1650373.5433605337
2023-06-27,1674639.2706801712
2023-06-28,1680400.748976234
2023-06-29,1696818.80856452
2023-06-30,1692965.470463211
2023-07-03,1743607.7614613748
2023-07-04,1770631.6481326101
2023-07-05,1766511.9938206512
2023-07-06,1760874.7281569513
2023-07-07,1769680.458525519
2023-07-10,1783450.8341714418
2023-07-11,1763900.183476395
2023-07-12,1796244.3085344532
2023-07-13,1857131.0650715837
2023-07-14,1907791.3258910608
2023-07-17,1885196.4595018139
2023-07-18,1870614.3278528885
2023-07-19,1898624.5934186925
2023-07-20,1885594.4581488739
2023-07-21,1849459.9259289955
2023-07-24,1840280.4274657953
2023-07-25,1873463.2482137126
2023-07-26,1862968.1169772171
2023-07-27,1851188.2004723065
2023-07-28,1831842.1383327
2023-07-31,1862076.1343747228
2023-08-01,1884268.6915679057
2023-08-02,1881335.8963983867
2023-08-03,1822349.9847363348
2023-08-04,1847270.0159709202
2023-08-07,1832810.4884133074
2023-08-08,1827582.6683789836
2023-08-09,1822371.5345006553
2023-08-10,1863067.2253547162
2023-08-11,1851548.7780063034
2023-08-14,1827823.4351360463
2023-08-15,1829597.9921503975
2023-08-16,1811512.695109314
2023-08-17,1798182.9438056299
2023-08-18,1822622.415619079
2023-08-21,1812246.1843177697
2023-08-22,1822099.3778940092
2023-08-23,1820143.5622859728
2023-08-24,1809355.7274274365
2023-08-25,1808704.121814446
2023-08-28,1866679.8723194667
2023-08-29,1822831.6558271912
2023-08-30,1820458.9485385919
2023-08-31,1818334.1994806656
2023-09-01,1823997.7687042903
2023-09-04,1918269.238308552
2023-09-05,1925134.541908993
2023-09-06,1985805.1554164288
2023-09-07,1986607.7850123679
2023-09-08,1923048.482797676
2023-09-11,1946186.638882139
2023-09-12,1944656.8748711413
2023-09-13,1974138.6664462006
2023-09-14,2010610.579024805
2023-09-15,2087586.7721615313
2023-09-18,2008983.228835594
2023-09-19,2033651.3830972835
2023-09-20,2005444.9312840381
2023-09-21,1988596.037462526
2023-09-22,1972852.8069232504
2023-09-25,1973198.8091748925
2023-09-26,1969320.6122636315
2023-09-27,1996007.2812650108
2023-09-28,2056413.482010595
2023-10-09,2011040.2716239532
2023-10-10,2017552.5954330128
2023-10-11,1937355.4711427884
2023-10-12,1895039.1715628488
2023-10-13,1905930.38782812
2023-10-16,1996885.1717560885
2023-10-17,2064376.4763063116
2023-10-18,2049980.1315399816
2023-10-19,2010224.9454402348
2023-10-20,1963707.8157410517
2023-10-23,1917708.639475494
2023-10-24,1907322.9729407334
2023-10-25,1888634.6840987194
2023-10-26,1854661.160121289
2023-10-27,1880320.670308974
2023-10-30,1883989.6303108544
2023-10-31,1838229.7272905149
2023-11-01,1843775.8019635393
2023-11-02,1854668.2685528023
2023-11-03,1854916.3274772314
2023-11-06,1823101.0483840227
2023-11-07,1797685.67042672
2023-11-08,1779962.53318723
2023-11-09,1795561.8234970153
2023-11-10,1795080.0681742402
2023-11-13,1815684.8855774833
2023-11-14,1824741.412906521
2023-11-15,1821670.056307876
2023-11-16,1830455.876568301
2023-11-17,1796997.3651451026
2023-11-20,1828416.4345385723
2023-11-21,1841833.4078464434
2023-11-22,1824278.0731560714
2023-11-23,1811675.34843196
2023-11-24,1822035.2179124483
2023-11-27,1805796.389161428
2023-11-28,1799511.0016390227
2023-11-29,1804147.5634133443
2023-11-30,1817066.1796682659
2023-12-01,1815376.8173823068
2023-12-04,1826430.971107572
2023-12-05,1804010.2044964288
2023-12-06,1779276.2879787323
2023-12-07,1753294.521784495
2023-12-08,1778320.0935566663
2023-12-11,1767175.2371483967
2023-12-12,1764560.8574151401
2023-12-13,1759301.4837718098
2023-12-14,1756324.447140479
2023-12-15,1758696.492145185
2023-12-18,1745257.996246975
2023-12-19,1739058.8794043136
2023-12-20,1758215.7562262246
2023-12-21,1735717.6195081158
2023-12-22,1753969.5400010832
2023-12-25,1750399.009733246
2023-12-26,1759938.5366531922
2023-12-27,1792264.2085962954
2023-12-28,1798123.6375988869
2023-12-29,1801653.48804401
2024-01-02,1837869.386573801
2024-01-03,1842683.8990501335
2024-01-04,1879264.6301254712
2024-01-05,1878495.9280309917
2024-01-08,1850279.742025487
2024-01-09,1833745.629351058
2024-01-10,1837716.4736811784
2024-01-11,1809351.3283861915
2024-01-12,1823264.0342540883
2024-01-15,1821032.5220587722
2024-01-16,1819235.466099584
2024-01-17,1820495.012629404
2024-01-18,1775179.7770117582
2024-01-19,1766334.3890673995
2024-01-22,1754090.3433016883
2024-01-23,1699474.7318825477
2024-01-24,1748564.6512185796
2024-01-25,1900580.5416312665
2024-01-26,1961354.0324084132
2024-01-29,1993064.3148287206
2024-01-30,1938967.0181792285
2024-01-31,1918359.8327218038
2024-02-01,1850359.9203804678
2024-02-02,1841585.9649631826
2024-02-05,1815410.9555142452
2024-02-06,1782576.6703772675
2024-02-07,1764430.6380539173
2024-02-08,1752647.6138311133
2024-02-19,1856274.0794655916
2024-02-20,1869143.1527017322
2024-02-21,1925585.3771217733
2024-02-22,1953257.8916001038
2024-02-23,1980750.1286771551
2024-02-26,1980703.9121183131
2024-02-27,1980633.6625407087
2024-02-28,1992241.8361443253
2024-02-29,1936173.3167198517
2024-03-01,1950639.2129951385
2024-03-04,2008693.8104455108
2024-03-05,1998765.524779579
2024-03-06,2053202.8309963855
2024-03-07,2079653.094462884
2024-03-08,2110256.566976992
2024-03-11,2080375.236975768
2024-03-12,2047709.0926436298
2024-03-13,2007580.8472832432
2024-03-14,2052767.6179679339
2024-03-15,2071844.1670440198
2024-03-18,2064218.3147514462
2024-03-19,2107944.5607524137
2024-03-20,2113695.1072549154
2024-03-21,2119667.468111768
2024-03-22,2094017.1007422076
2024-03-25,2167920.7599017587
2024-03-26,2175677.8479692168
2024-03-27,2153841.352982707
2024-03-28,2121789.436451096
2024-03-29,2235551.944017498
2024-04-01,2235551.9332656083
2024-04-02,2347132.003357848
2024-04-03,2455520.2541911877
2024-04-08,2508761.5881646355
2024-04-09,2476865.543246369
2024-04-10,2373102.3604094274
2024-04-11,2392548.647100309
2024-04-12,2408245.764615158
2024-04-15,2420267.398305206
2024-04-16,2403370.9634663174
2024-04-17,2355319.566822458
2024-04-18,2325964.503582491
2024-04-19,2454553.3745763376
2024-04-22,2394560.9190016063
2024-04-23,2301130.394937196
2024-04-24,2278530.81468849
2024-04-25,2280830.7234230214
2024-04-26,2338600.6946335635
2024-04-29,2292448.786282754
2024-04-30,2283823.6306947554
2024-05-06,2243825.2405941007
2024-05-07,2279767.3349381494
2024-05-08,2279297.823996389
2024-05-09,2274606.929310739
2024-05-10,2277923.4947635583
2024-05-13,2275072.73797014
2024-05-14,2254055.036008447
2024-05-15,2237631.769226086
2024-05-16,2211342.188984377
2024-05-17,2199867.0736989146
2024-05-20,2316788.8281640992
2024-05-21,2279279.877836208
2024-05-22,2248343.9158758153
2024-05-23,2204460.6844323925
2024-05-24,2209956.9887838103
2024-05-27,2251743.7528813523
2024-05-28,2328786.3351528347
2024-05-29,2339912.952844959
2024-05-30,2284244.41197312
2024-05-31,2213643.3186795143
2024-06-03,2234122.560625309
2024-06-04,2161938.360106264
2024-06-05,2147995.1263917647
2024-06-06,2144507.492170613
2024-06-07,2144101.431504284
2024-06-11,2196907.270758104
2024-06-12,2173138.232110909
2024-06-13,2185117.9563558106
2024-06-14,2138474.812870779
2024-06-17,2124390.1071816147
2024-06-18,2127534.4235525113
2024-06-19,2172427.96916819
2024-06-20,2200484.4964115415
2024-06-21,2178084.3261701954
2024-06-24,2162185.0295141097
2024-06-25,2157693.361846455
2024-06-26,2134883.915802641
2024-06-27,2128166.488582861
2024-06-28,2186370.8637426747
2024-07-01,2232207.1621652544
2024-07-02,2277737.0888398434
2024-07-03,2270642.9487793837
2024-07-04,2261186.1429708926
2024-07-05,2245538.675978589
2024-07-08,2239705.7982017286
2024-07-09,2233283.747508877
2024-07-10,2229665.041886748
2024-07-11,2235984.09173856
2024-07-12,2262729.009307657
2024-07-15,2228757.0888137906
2024-07-16,2225611.495924317
2024-07-17,2203214.0634500673
2024-07-18,2170903.500701201
2024-07-19,2143127.9823691878
2024-07-22,2094485.5583553351
2024-07-23,2081957.3826232932
2024-07-24,2074090.9408227182
2024-07-25,2062564.610644975
2024-07-26,2040606.607004942
2024-07-29,2043889.731941217
2024-07-30,2028081.3619316877
2024-07-31,2052923.5208256613
2024-08-01,2093647.369832489
2024-08-02,2051672.574006393
2024-08-05,2043735.7399599275
2024-08-06,2070459.3246565918
2024-08-07,2061995.5883831969
2024-08-08,2074006.1644711304
2024-08-09,2082498.8357570118
2024-08-12,2131586.5091973627
2024-08-13,2196273.7626221897
2024-08-14,2163103.4457735023
2024-08-15,2161998.0227394174
2024-08-16,2161980.0014423593
2024-08-19,2134698.8504156973
2024-08-20,2112706.4598211185
2024-08-21,2071906.5295267287
2024-08-22,2072533.8430427262
2024-08-23,2078429.4176118243
2024-08-26,2110271.917823858
2024-08-27,2180833.1515749767
2024-08-28,2159369.5446308935
2024-08-29,2130175.1439437624
2024-08-30,2134112.838885485
2024-09-02,2128464.509517961
2024-09-03,2112064.7578060534
2024-09-04,2001008.0127289572
2024-09-05,1978044.786368604
2024-09-06,1970113.699794982
2024-09-09,1927888.9391414763
2024-09-10,1940723.347401881
2024-09-11,1893141.397996664
2024-09-12,1921547.131966747
2024-09-13,1965189.398893379
2024-09-18,1998115.919190772
2024-09-19,2002676.9972571826
2024-09-20,2016414.894390823
2024-09-23,2031343.3297430982
2024-09-24,2093673.2645994797
2024-09-25,2159601.204561148
2024-09-26,2104258.446648742
2024-09-27,2143001.501160371
2024-09-30,2327972.3468990033
2024-10-08,2532783.264516609
2024-10-09,2371369.0720290327
2024-10-10,2349418.0190522387
2024-10-11,2344606.954926501
2024-10-14,2308325.5720971245
2024-10-15,2238071.5029904777
2024-10-16,2198782.0567889083
2024-10-17,2219587.391562293
2024-10-18,2204012.2086014813
2024-10-21,2202880.257125107
2024-10-22,2196690.0133959516
2024-10-23,2225241.646674828
2024-10-24,2202636.7040952393
2024-10-25,2207804.595019552
2024-10-28,2223010.892067522
2024-10-29,2248571.299092607
2024-10-30,2188636.204262706
2024-10-31,2200560.3681878685
2024-11-01,2244642.981118141
2024-11-04,2224709.148139167
2024-11-05,2235701.1249542525
2024-11-06,2268144.9859025083
2024-11-07,2245239.061065383
2024-11-08,2255904.514856709
2024-11-11,2197420.53990587
2024-11-12,2217708.3389889463
2024-11-13,2210782.3057021215
2024-11-14,2220192.232772279
2024-11-15,2216829.0449272557
2024-11-18,2206991.6028302903
2024-11-19,2173792.4031999814
2024-11-20,2184926.3955854843
2024-11-21,2195629.9171161847
2024-11-22,2216126.626626252
2024-11-25,2208710.2723688753
2024-11-26,2176561.948272596
2024-11-27,2160419.3272615783
2024-11-28,2162743.6386554195
2024-11-29,2185367.9961003154
2024-12-02,2177081.6785592167
2024-12-03,2197756.1836151234
2024-12-04,2252656.757013603
2024-12-05,2224048.704883046
2024-12-06,2233091.660267841
2024-12-09,2254705.0132349264
2024-12-10,2289577.3719415655
2024-12-11,2250817.4543072484
2024-12-12,2263372.540838293
2024-12-13,2244652.0609050835
2024-12-16,2252765.2209828505
2024-12-17,2257586.858253236
2024-12-18,2220382.5128600462
2024-12-19,2188662.1234462
2024-12-20,2179915.8103099433
2024-12-23,2211235.5116775464
2024-12-24,2197774.3019549213
2024-12-25,2209985.9584866534
2024-12-26,2202728.2188967024
2024-12-27,2209297.1348330886
2024-12-30,2230672.794782752
2024-12-31,2227482.864872597
2025-01-02,2213269.450248093
2025-01-03,2205406.549323498
2025-01-06,2178617.7252411926
2025-01-07,2169565.389632043
2025-01-08,2207186.275896643
2025-01-09,2175721.886333337
2025-01-10,2150662.578102859
2025-01-13,2206976.366822379
2025-01-14,2232419.266700424
2025-01-15,2226258.1960452087
2025-01-16,2264892.2884421577
2025-01-17,2268745.706583793
2025-01-20,2219139.453607074
2025-01-21,2168474.9546762467
2025-01-22,2139890.654704454
2025-01-23,2130565.2201359505
2025-01-24,2099394.862106509
2025-01-27,2115181.47700864
2025-02-05,2108142.925992623
2025-02-06,2095293.1918169947
2025-02-07,2109054.059667526
2025-02-10,2110555.05283833
2025-02-11,2133493.2003463507
2025-02-12,2126982.4714117222
2025-02-13,2101962.2123436704
2025-02-14,2099796.534930596
2025-02-17,2088369.2842051487
2025-02-18,2081784.8417098692
2025-02-19,2064490.0614119067
2025-02-20,2056132.5868671634
2025-02-21,2053114.9530025488
2025-02-24,2046961.1107122523
2025-02-25,2041129.944836207
2025-02-26,2017829.2493954592
2025-02-27,2024830.3627261706
2025-02-28,2078394.8498729393
2025-03-03,2067143.884357114
2025-03-04,2011172.4545877497
2025-03-05,1988247.9416526458
2025-03-06,1984993.0962213087
2025-03-07,2017824.3571503998
2025-03-10,2038415.921614327
2025-03-11,2026898.095324702
2025-03-12,2033720.3579399672
2025-03-13,2086252.3817499725
2025-03-14,2068476.891505676
2025-03-17,2100479.0806329735
2025-03-18,2087113.5581778036
2025-03-19,2083363.9036820289
2025-03-20,2098855.7662568996
2025-03-21,2143506.034275689
2025-03-24,2106864.4819380413
2025-03-25,2102252.568250218
2025-03-26,2105515.2654031916
2025-03-27,2105411.814951953
2025-03-28,2069054.8274784284
2025-03-31,2057118.642921274
2025-04-01,2111046.974650499
2025-04-02,2094420.6043723635
2025-04-03,2060880.673196513
2025-04-07,1921250.418046214
2025-04-08,1908372.4708706967
2025-04-09,1890498.5948644972
2025-04-10,1930418.8686661862
2025-04-11,1912647.030663687
2025-04-14,1944227.2122981364
2025-04-15,1946685.820163817
2025-04-16,1952257.8306935946
2025-04-17,1964157.466047963
2025-04-18,1991935.1787093924
2025-04-21,1988929.1183371875
2025-04-22,1996521.3218748067
2025-04-23,2007923.427233806
2025-04-24,1992989.0039094528
2025-04-25,1982545.3414063537
2025-04-28,1983232.0095277461
2025-04-29,1977948.8256896946
2025-04-30,1986493.5195097157
2025-05-06,1995196.6267845056
2025-05-07,2031323.702238917
2025-05-08,2021400.6573082733
2025-05-09,2037898.5721806674
2025-05-12,2034912.0156881276
2025-05-13,2061217.516225062
2025-05-14,2078681.3325280263
2025-05-15,2071452.8438371075
2025-05-16,2061436.785212033
2025-05-19,2062360.0911602739
2025-05-20,2056329.8418318124
2025-05-21,2090476.6586580798
2025-05-22,2091777.7654700582
2025-05-23,2086240.21714153
2025-05-26,2075027.8155462889
2025-05-27,2066227.4362025023
2025-05-28,2075425.7374109572
2025-05-29,2091070.6540767255
2025-05-30,2081968.5289515874
2025-06-03,2096336.5323517094
2025-06-04,2110718.4503283123
2025-06-05,2098020.6447167867
2025-06-06,2116495.361141526
2025-06-09,2142529.563223613
2025-06-10,2151013.372952065
2025-06-11,2153610.8626548364
2025-06-12,2239282.097616419
2025-06-13,2310212.0286221495
2025-06-16,2397569.64874463
2025-06-17,2444685.053798801
2025-06-18,2496350.2174056764
2025-06-19,2574967.6666697506
2025-06-20,2602903.411213872
2025-06-23,2601268.24079021
2025-06-24,2436227.8329266827
2025-06-25,2357988.054724306
2025-06-26,2428748.1684266776
2025-06-27,2384718.370384807
2025-06-30,2388736.599114719
2025-07-01,2374744.2748999596
2025-07-02,2361606.6188823483
2025-07-03,2355708.4463890186
2025-07-04,2329317.4110852596
2025-07-07,2305320.091991517
2025-07-08,2315436.307534198
2025-07-09,2330852.636017082
2025-07-10,2334982.846045172
2025-07-11,2337350.1669534678
2025-07-14,2347351.5735981143
2025-07-15,2325591.536618845
2025-07-16,2331857.4704854875
2025-07-17,2315210.7464124006
2025-07-18,2323181.953057558
2025-07-21,2343576.435277636
2025-07-22,2355338.731030407
2025-07-23,2363221.5831611394
2025-07-24,2349695.56213866
2025-07-25,2366424.781969443
2025-07-28,2332809.1537426137
2025-07-29,2343412.2620259393
2025-07-30,2399304.807975529
2025-07-31,2394540.768143086
2025-08-01,2332274.4648877955
2025-08-04,2267399.589081977
2025-08-05,2306323.5886431783
2025-08-06,2306781.4002482295
2025-08-07,2317418.798184306
2025-08-08,2335257.1484411503
2025-08-11,2328203.2469258024
2025-08-12,2341335.1929609017
2025-08-13,2337000.2540153265
2025-08-14,2327733.6792234643
2025-08-15,2309816.9629479754
2025-08-18,2301919.2076728446
2025-08-19,2292778.0076620067
2025-08-20,2302750.7514534034
2025-08-21,2390150.1605136236
2025-08-22,2433281.943339884
2025-08-25,2420782.5160219474
2025-08-26,2429387.3707054094
2025-08-27,2390693.0172633696
2025-08-28,2333155.2094408856
2025-08-29,2349998.5876297983
2025-09-01,2344629.2420326425
2025-09-02,2394648.5742613277
2025-09-03,2403472.5147773777
2025-09-04,2347703.6526605617
2025-09-05,2326412.8363138796
2025-09-08,2351923.074371282
2025-09-09,2349432.087545534
2025-09-10,2414083.721781406
2025-09-11,2413647.949949671
2025-09-12,2369241.052168394
2025-09-15,2395334.6446101475
2025-09-16,2370969.7547727665
2025-09-17,2387968.887006327
2025-09-18,2342608.401214691
2025-09-19,2303565.486086619
2025-09-22,2290121.628470289
2025-09-23,2281509.1754451226
2025-09-24,2335938.991751602
2025-09-25,2318960.7707389933
2025-09-26,2352490.170878058
2025-09-29,2346953.4953989815
2025-09-30,2334543.708980349
2025-10-09,2358202.786707252
2025-10-10,2404181.6014210847
2025-10-13,2349939.76804874
2025-10-14,2405694.3138565463
2025-10-15,2392536.692354655
2025-10-16,2384895.0740352115
2025-10-17,2412018.5286456198
2025-10-20,2419582.240759301
2025-10-21,2467785.7098171343
2025-10-22,2556283.052317763
2025-10-23,2555734.2567880866
2025-10-24,2550687.8572234926
2025-10-27,2496848.893279226
2025-10-28,2487922.5785485613
2025-10-29,2468441.935709562
2025-10-30,2484847.256969827
2025-10-31,2493709.4412928345
2025-11-03,2568852.897589981
2025-11-04,2562982.584325188
2025-11-05,2550003.962770156
2025-11-06,2565896.787683555
2025-11-07,2600865.5459797475
2025-11-10,2615139.8525418066
2025-11-11,2607643.550184467
2025-11-12,2697962.989935124
2025-11-13,2660456.484223341
2025-11-14,2731328.6504453104
2025-11-17,2735880.7578014103
2025-11-18,2751797.814301793
2025-11-19,2828026.4403690146
2025-11-20,2813003.0126255644
2025-11-21,2755995.4858464054
2025-11-24,2681452.8672011765
2025-11-25,2641380.410887644
2025-11-26,2644967.0133513464
2025-11-27,2626549.778660983
2025-11-28,2629824.5741466675
2025-12-01,2669186.7899257904
2025-12-02,2691004.0475339512
2025-12-03,2652010.408692754
2025-12-04,2657130.8418876403
2025-12-05,2639600.2922665756
2025-12-08,2624541.5833707876
2025-12-09,2599918.7663844717
2025-12-10,2596230.038997244
2025-12-11,2599497.248693525
2025-12-12,2551972.785059292
2025-12-15,2544961.329467832
2025-12-16,2532242.231679557
2025-12-17,2516776.65889193
2025-12-18,2582997.800741296
2025-12-19,2556852.3083090773
2025-12-22,2561082.054693456
2025-12-23,2586480.7304703644
2025-12-24,2565026.5772526585
2025-12-25,2572024.5353067596
2025-12-26,2580312.620097516
2025-12-29,2630840.796343852
2025-12-30,2722002.9753469694
2025-12-31,2706443.416211226
