,strategy
2020-01-02,1000000.0
2020-01-03,1000000.0
2020-01-06,1010816.3503523387
2020-01-07,1009783.292376677
2020-01-08,1017167.9718038031
2020-01-09,1009918.3908080078
2020-01-10,1005592.0877624383
2020-01-13,1004837.8936966165
2020-01-14,1004837.8936966165
2020-01-15,1004837.8936966165
2020-01-16,1004837.8936966165
2020-01-17,1004837.8936966165
2020-01-20,1007048.9462023154
2020-01-21,1006180.6246017272
2020-01-22,999682.0164154248
2020-01-23,992704.1030756182
2020-02-03,991215.0469210048
2020-02-04,991215.0469210048
2020-02-05,991215.0469210048
2020-02-06,991215.0469210048
2020-02-07,991215.0469210048
2020-02-10,993470.8086952155
2020-02-11,993574.4063562668
2020-02-12,993503.7911614594
2020-02-13,995245.2023555072
2020-02-14,991003.3821412746
2020-02-17,999657.4001831127
2020-02-18,1000948.8010678377
2020-02-19,1004060.600383386
2020-02-20,1005568.9831147164
2020-02-21,1008610.4412405327
2020-02-24,1002017.9610275093
2020-02-25,987815.8044823651
2020-02-26,989949.3366239832
2020-02-27,988659.4536454615
2020-02-28,989437.8923879429
2020-03-02,989825.1193820197
2020-03-03,995834.4212080996
2020-03-04,994171.9102209881
2020-03-05,997551.8580809594
2020-03-06,996505.4792544765
2020-03-09,994012.7958387982
2020-03-10,985358.4767214984
2020-03-11,986978.9334468133
2020-03-12,975327.6747839424
2020-03-13,968846.032692235
2020-03-16,967392.7636431967
2020-03-17,967392.7636431967
2020-03-18,967392.7636431967
2020-03-19,967392.7636431967
2020-03-20,967392.7636431967
2020-03-23,961954.1248044025
2020-03-24,963032.0332683143
2020-03-25,966439.8619148341
2020-03-26,966377.9562737566
2020-03-27,965399.545202244
2020-03-30,940370.6128899951
2020-03-31,947137.5696700182
2020-04-01,937298.4050884398
2020-04-02,979233.1611673224
2020-04-03,991385.6258257991
2020-04-07,997000.1278978479
2020-04-08,988959.5464304972
2020-04-09,993338.6564992294
2020-04-10,987801.1264182057
2020-04-13,986511.266442763
2020-04-14,982513.5347301908
2020-04-15,980669.490864906
2020-04-16,978398.0848644304
2020-04-17,984082.6578073045
2020-04-20,982606.5338205936
2020-04-21,982606.5338205936
2020-04-22,982606.5338205936
2020-04-23,982606.5338205936
2020-04-24,982606.5338205936
2020-04-27,956721.3696636234
2020-04-28,938960.5342849762
2020-04-29,928888.6657334743
2020-04-30,938181.6566567378
2020-05-06,938702.9779815248
2020-05-07,936784.4542097047
2020-05-08,940460.8042100979
2020-05-11,939480.6480134984
2020-05-12,935168.5919198814
2020-05-13,925582.4766434757
2020-05-14,931204.7765986071
2020-05-15,927518.9298305411
2020-05-18,926363.6804008783
2020-05-19,929632.6865877457
2020-05-20,924747.829181692
2020-05-21,924664.5227807941
2020-05-22,921865.362162262
2020-05-25,906032.4355808067
2020-05-26,903147.4682210592
2020-05-27,899600.9402459856
2020-05-28,898405.2032784665
2020-05-29,893205.074703377
2020-06-01,894854.6812382843
2020-06-02,899051.5425572896
2020-06-03,904990.9409530804
2020-06-04,902428.7768430165
2020-06-05,901461.1191060126
2020-06-08,921342.75041615
2020-06-09,912152.390518693
2020-06-10,906205.82117074
2020-06-11,901469.0873367819
2020-06-12,890447.2244084073
2020-06-15,887775.8827351821
2020-06-16,887775.8827351821
2020-06-17,887775.8827351821
2020-06-18,887775.8827351821
2020-06-19,887775.8827351821
2020-06-22,886576.5604467955
2020-06-23,884244.4033561882
2020-06-24,883750.0858669893
2020-06-29,883087.2733025891
2020-06-30,883087.2733025891
2020-07-01,883087.2733025891
2020-07-02,883087.2733025891
2020-07-03,883087.2733025891
2020-07-06,931715.9829640995
2020-07-07,961127.0639047723
2020-07-08,961935.723265623
2020-07-09,990981.599807385
2020-07-10,965463.7919155777
2020-07-13,962567.400539831
2020-07-14,962567.400539831
2020-07-15,962567.400539831
2020-07-16,962567.400539831
2020-07-17,962567.400539831
2020-07-20,973683.7861352345
2020-07-21,980437.2990820562
2020-07-22,1013222.2639091505
2020-07-23,990374.9139624326
2020-07-24,1002642.2383468333
2020-07-27,993174.2371340619
2020-07-28,993824.1012862964
2020-07-29,994695.812096383
2020-07-30,997015.8111830616
2020-07-31,994629.8938915709
2020-08-03,998759.5973159223
2020-08-04,1003590.1596010296
2020-08-05,1007609.0743782397
2020-08-06,1007726.8748816693
2020-08-07,1004950.8458639665
2020-08-10,997797.2866982705
2020-08-11,998384.3770543102
2020-08-12,987627.3743021035
2020-08-13,996085.9742563383
2020-08-14,990379.3693677047
2020-08-17,1000480.9803863504
2020-08-18,1002681.2092731778
2020-08-19,1002969.3101351139
2020-08-20,996738.1824860192
2020-08-21,992241.860087422
2020-08-24,989265.1345071597
2020-08-25,989265.1345071597
2020-08-26,989265.1345071597
2020-08-27,989265.1345071597
2020-08-28,989265.1345071597
2020-08-31,986978.1173475377
2020-09-01,982131.2210575604
2020-09-02,976132.1470992492
2020-09-03,974810.7591945513
2020-09-04,968741.5090308179
2020-09-07,969287.5124391435
2020-09-08,968839.4320679527
2020-09-09,968622.3680502924
2020-09-10,967286.6635478231
2020-09-11,964560.1193480431
2020-09-14,963836.699258532
2020-09-15,963836.699258532
2020-09-16,963836.699258532
2020-09-17,963836.699258532
2020-09-18,963836.699258532
2020-09-21,966366.3065005937
2020-09-22,961963.9316149069
2020-09-23,957411.4255242174
2020-09-24,951050.8602906142
2020-09-25,946220.9279757739
2020-09-28,944801.5965838103
2020-09-29,944801.5965838103
2020-09-30,944801.5965838103
2020-10-09,947071.2078787821
2020-10-12,948671.2387851606
2020-10-13,952508.4914512153
2020-10-14,954824.5939110895
2020-10-15,952046.9601998556
2020-10-16,951196.9386075846
2020-10-19,950788.8791071079
2020-10-20,947276.7877924122
2020-10-21,947940.2658756834
2020-10-22,945474.1047825598
2020-10-23,946664.964079698
2020-10-26,944310.6932215742
2020-10-27,941251.439809834
2020-10-28,939310.2105243702
2020-10-29,938697.0617457603
2020-10-30,940414.1840484912
2020-11-02,939708.8734104548
2020-11-03,939708.8734104548
2020-11-04,939708.8734104548
2020-11-05,939708.8734104548
2020-11-06,939708.8734104548
2020-11-09,944186.3739548824
2020-11-10,993554.4125325289
2020-11-11,979018.6078066835
2020-11-12,982671.9787114946
2020-11-13,969915.5260758348
2020-11-16,970649.059231278
2020-11-17,976736.6623911187
2020-11-18,976727.8111573942
2020-11-19,970419.0048635966
2020-11-20,963482.8464606351
2020-11-23,977589.4403004149
2020-11-24,1001588.6782169837
2020-11-25,1056848.65471353
2020-11-26,1030757.6943926035
2020-11-27,1014440.9588728208
2020-11-30,1022886.6209130858
2020-12-01,997819.8857458548
2020-12-02,1000302.8421058878
2020-12-03,1018444.8991717888
2020-12-04,1017564.8425302204
2020-12-07,1008944.5113439232
2020-12-08,998966.6217677264
2020-12-09,995423.1057631015
2020-12-10,990628.2883784558
2020-12-11,1002789.0161525839
2020-12-14,993797.9226949651
2020-12-15,983986.0225649724
2020-12-16,980943.2384669855
2020-12-17,987708.848088075
2020-12-18,991399.3916127573
2020-12-21,984744.2479742506
2020-12-22,977507.0124260344
2020-12-23,966557.2562789257
2020-12-24,969464.0278784477
2020-12-25,969723.7947367693
2020-12-28,968269.2090446642
2020-12-29,968269.2090446642
2020-12-30,968269.2090446642
2020-12-31,968269.2090446642
2021-01-04,972190.3712459662
2021-01-05,967232.1364044725
2021-01-06,988389.9758900334
2021-01-07,983706.070094944
2021-01-08,981933.997497958
2021-01-11,976617.2541666824
2021-01-12,949718.6922887205
2021-01-13,965947.6646152537
2021-01-14,959642.417843628
2021-01-15,966019.2205167852
2021-01-18,955774.4288306761
2021-01-19,960515.9591969197
2021-01-20,965987.505265572
2021-01-21,958569.0885559359
2021-01-22,949209.2484062681
2021-01-25,939518.835679094
2021-01-26,937617.3306429955
2021-01-27,939022.8836691021
2021-01-28,938899.9961818312
2021-01-29,937961.2097919792
2021-02-01,937262.3146447669
2021-02-02,938721.1654114587
2021-02-03,938165.6923255629
2021-02-04,936455.7298337349
2021-02-05,935748.6381172884
2021-02-08,936418.9681874883
2021-02-09,964648.2460513607
2021-02-10,966552.4065077315
2021-02-18,1049772.2286591302
2021-02-19,1012286.5357238096
2021-02-22,1077651.8701608991
2021-02-23,1104016.8727196436
2021-02-24,1097532.1514987021
2021-02-25,1094031.0893790533
2021-02-26,1057263.3341687473
2021-03-01,1057388.578116431
2021-03-02,1049227.5552461352
2021-03-03,1041682.342107873
2021-03-04,1066854.5046866557
2021-03-05,1094488.1016613378
2021-03-08,1116337.0607300417
2021-03-09,1110830.213499865
2021-03-10,1101300.8901125113
2021-03-11,1085634.4727558615
2021-03-12,1102894.3557568782
2021-03-15,1106014.3668848297
2021-03-16,1097074.8353059024
2021-03-17,1099079.8657674072
2021-03-18,1091410.2937504356
2021-03-19,1069355.373647598
2021-03-22,1066943.036137333
2021-03-23,1065934.188557798
2021-03-24,1055011.0082188402
2021-03-25,1059619.2599923173
2021-03-26,1058469.4673193146
2021-03-29,1068184.826895879
2021-03-30,1075177.4497891383
2021-03-31,1073575.8388814002
2021-04-01,1063775.576722458
2021-04-02,1063239.0018481913
2021-04-06,1059107.7269616264
2021-04-07,1061310.1062037451
2021-04-08,1062575.451629786
2021-04-09,1061757.720805038
2021-04-12,1059101.1985769032
2021-04-13,1055460.0428752028
2021-04-14,1048505.2246859918
2021-04-15,1053477.3827371444
2021-04-16,1059243.039130312
2021-04-19,1057894.8568819652
2021-04-20,1047385.4532294953
2021-04-21,1030790.022563372
2021-04-22,1019772.8576313527
2021-04-23,1007606.1187197253
2021-04-26,1004249.3981136931
2021-04-27,1001439.7823486984
2021-04-28,1002940.0575806816
2021-04-29,1006412.9821686094
2021-04-30,1006652.3436032946
2021-05-06,1035415.0521759262
2021-05-07,1040946.9679035392
2021-05-10,1091513.6351997983
2021-05-11,1080677.7080373608
2021-05-12,1105178.054566064
2021-05-13,1112658.4245846216
2021-05-14,1083539.0097427622
2021-05-17,1083887.035987017
2021-05-18,1094033.1157983835
2021-05-19,1088376.3721127775
2021-05-20,1080634.1954677429
2021-05-21,1081153.5710152427
2021-05-24,1082395.5212224496
2021-05-25,1084630.7231688644
2021-05-26,1082648.0311634084
2021-05-27,1084773.259418621
2021-05-28,1085665.9472534938
2021-05-31,1072048.7711051833
2021-06-01,1090733.0125655304
2021-06-02,1101913.5816623734
2021-06-03,1105866.5292273825
2021-06-04,1091880.409428257
2021-06-07,1093268.5227267614
2021-06-08,1079562.3374278545
2021-06-09,1126112.5371097978
2021-06-10,1118745.64383538
2021-06-11,1174495.7528880204
2021-06-15,1183291.3713907865
2021-06-16,1201596.5203043127
2021-06-17,1172607.1896496066
2021-06-18,1145097.4144484783
2021-06-21,1143246.3796602455
2021-06-22,1156156.821375367
2021-06-23,1150485.05417381
2021-06-24,1148975.5385363074
2021-06-25,1151463.3621880994
2021-06-28,1140423.1383869753
2021-06-29,1112439.2282174015
2021-06-30,1108472.3086280576
2021-07-01,1102772.655052639
2021-07-02,1133499.454712305
2021-07-05,1125271.8075036402
2021-07-06,1126531.5348088625
2021-07-07,1121244.9428124032
2021-07-08,1117606.5591912835
2021-07-09,1114631.0089650068
2021-07-12,1116264.6532376183
2021-07-13,1114996.6916767575
2021-07-14,1115943.6841027085
2021-07-15,1108836.1988430782
2021-07-16,1107031.3943367759
2021-07-19,1102351.713659804
2021-07-20,1097107.397594491
2021-07-21,1098677.6892881724
2021-07-22,1106328.756453345
2021-07-23,1102862.6821995713
2021-07-26,1097785.2405326357
2021-07-27,1099453.8969290385
2021-07-28,1097087.7523043358
2021-07-29,1094259.2958523363
2021-07-30,1096056.5604737492
2021-08-02,1090324.220871764
2021-08-03,1090050.866482398
2021-08-04,1085667.6421087198
2021-08-05,1083640.5738229866
2021-08-06,1076869.2655953008
2021-08-09,1075644.007772978
2021-08-10,1078614.738039292
2021-08-11,1080645.3836481227
2021-08-12,1080923.7155659175
2021-08-13,1079597.6222194599
2021-08-16,1081680.7115951483
2021-08-17,1081590.1981058794
2021-08-18,1077911.5089888084
2021-08-19,1075331.0429374364
2021-08-20,1075922.3824666843
2021-08-23,1084242.4294872046
2021-08-24,1085781.0579289896
2021-08-25,1089143.705194928
2021-08-26,1092197.9237745497
2021-08-27,1092397.4446893858
2021-08-30,1139524.073196755
2021-08-31,1169022.9018251076
2021-09-01,1196429.1766311373
2021-09-02,1190059.6573820126
2021-09-03,1217715.4080588305
2021-09-06,1230927.3654900722
2021-09-07,1248416.863741272
2021-09-08,1252911.0435809784
2021-09-09,1281074.3788153047
2021-09-10,1279733.6355498345
2021-09-13,1277814.0350965098
2021-09-14,1277814.0350965098
2021-09-15,1277814.0350965098
2021-09-16,1277814.0350965098
2021-09-17,1277814.0350965098
2021-09-22,1287856.3416241412
2021-09-23,1301260.338803267
2021-09-24,1320984.9099136495
2021-09-27,1300071.0851433075
2021-09-28,1327171.8581714646
2021-09-29,1285444.6689102089
2021-09-30,1231286.2314182539
2021-10-08,1267697.7013506114
2021-10-11,1282208.9341993583
2021-10-12,1293680.6017467817
2021-10-13,1268800.0172591426
2021-10-14,1245136.770840408
2021-10-15,1260779.208916208
2021-10-18,1284246.1969469509
2021-10-19,1284979.3739932955
2021-10-20,1275292.543037767
2021-10-21,1278388.8567235488
2021-10-22,1260370.2640939679
2021-10-25,1272587.3124001746
2021-10-26,1263885.065784756
2021-10-27,1251042.1580706835
2021-10-28,1228892.1815854302
2021-10-29,1211371.320372864
2021-11-01,1213068.447277785
2021-11-02,1213809.5603111482
2021-11-03,1204838.008798274
2021-11-04,1200136.5098119113
2021-11-05,1196927.1778508588
2021-11-08,1196029.4824674707
2021-11-09,1196029.4824674707
2021-11-10,1196029.4824674707
2021-11-11,1196029.4824674707
2021-11-12,1196029.4824674707
2021-11-15,1194262.3066602051
2021-11-16,1193886.0060022145
2021-11-17,1190421.5379805788
2021-11-18,1186152.1067126435
2021-11-19,1197172.5015237709
2021-11-22,1193263.0560389138
2021-11-23,1194364.326487987
2021-11-24,1200500.9657109773
2021-11-25,1195975.654815648
2021-11-26,1192490.611201668
2021-11-29,1191596.2432432666
2021-11-30,1191596.2432432666
2021-12-01,1191596.2432432666
2021-12-02,1191596.2432432666
2021-12-03,1191596.2432432666
2021-12-06,1191400.703525953
2021-12-07,1190873.0001730055
2021-12-08,1195652.817889017
2021-12-09,1194712.3484209168
2021-12-10,1192226.8889445823
2021-12-13,1184626.7963185231
2021-12-14,1178025.9681651965
2021-12-15,1175532.0187626611
2021-12-16,1183656.7503983122
2021-12-17,1188800.7642232683
2021-12-20,1181152.1204042507
2021-12-21,1181693.9059488964
2021-12-22,1186901.1159057016
2021-12-23,1185956.7663861872
2021-12-24,1189235.571488879
2021-12-27,1194291.4410901277
2021-12-28,1216492.2095392263
2021-12-29,1215187.723927478
2021-12-30,1208139.5900515656
2021-12-31,1202868.6057486592
2022-01-04,1202930.4740826206
2022-01-05,1211561.964736725
2022-01-06,1217495.939184024
2022-01-07,1238282.7738340618
2022-01-10,1225663.2480714873
2022-01-11,1220938.7126572235
2022-01-12,1231570.8440574105
2022-01-13,1239129.0510664314
2022-01-14,1225039.011467031
2022-01-17,1217318.7914115542
2022-01-18,1240919.7012607276
2022-01-19,1251206.7809586024
2022-01-20,1219083.663527568
2022-01-21,1190390.728496416
2022-01-24,1191503.1124107318
2022-01-25,1188134.876350847
2022-01-26,1185921.0906503329
2022-01-27,1188300.5788819017
2022-01-28,1183685.7409972195
2022-02-07,1250160.5692806595
2022-02-08,1283706.5638388412
2022-02-09,1288064.0633580198
2022-02-10,1295410.2520688006
2022-02-11,1323651.4084957475
2022-02-14,1345430.479362097
2022-02-15,1331238.8882247605
2022-02-16,1301182.2910857648
2022-02-17,1309757.516878668
2022-02-18,1297558.9712882214
2022-02-21,1295612.6328312892
2022-02-22,1295612.6328312892
2022-02-23,1295612.6328312892
2022-02-24,1295612.6328312892
2022-02-25,1295612.6328312892
2022-02-28,1302123.605777048
2022-03-01,1303269.299731542
2022-03-02,1320684.0696895954
2022-03-03,1332555.270189059
2022-03-04,1333055.520548011
2022-03-07,1360635.5860628102
2022-03-08,1334164.9034713232
2022-03-09,1314778.1170827786
2022-03-10,1243737.685727644
2022-03-11,1218184.1235584163
2022-03-14,1184242.2851467177
2022-03-15,1121839.0027817227
2022-03-16,1091416.7039292792
2022-03-17,1128180.5432763367
2022-03-18,1165425.397526434
2022-03-21,1161929.1213338545
2022-03-22,1161929.1213338545
2022-03-23,1161929.1213338545
2022-03-24,1161929.1213338545
2022-03-25,1161929.1213338545
2022-03-28,1171566.2893447373
2022-03-29,1161196.0813405614
2022-03-30,1146384.149386422
2022-03-31,1139544.7279695012
2022-04-01,1125768.5743676454
2022-04-06,1131606.3233289663
2022-04-07,1129815.767843682
2022-04-08,1126401.657643941
2022-04-11,1126714.2718725877
2022-04-12,1124276.5058436492
2022-04-13,1135089.4906570958
2022-04-14,1135051.8786967904
2022-04-15,1136636.2489357744
2022-04-18,1117863.4476929978
2022-04-19,1131205.7036980877
2022-04-20,1125392.0426782297
2022-04-21,1115608.521734796
2022-04-22,1112924.6697090562
2022-04-25,1112568.7488408608
2022-04-26,1085228.7658364852
2022-04-27,1089054.2345249783
2022-04-28,1094307.3582963508
2022-04-29,1112045.8159381403
2022-05-05,1122373.020294194
2022-05-06,1120617.4325246222
2022-05-09,1126674.804876297
2022-05-10,1110783.3917536566
2022-05-11,1114247.4001809305
2022-05-12,1121916.1721579977
2022-05-13,1117857.44928862
2022-05-16,1116180.663114687
2022-05-17,1116180.663114687
2022-05-18,1116180.663114687
2022-05-19,1116180.663114687
2022-05-20,1116180.663114687
2022-05-23,1129865.3087414845
2022-05-24,1130842.9376532282
2022-05-25,1150798.3547971973
2022-05-26,1184184.7362994547
2022-05-27,1268920.7967040525
2022-05-30,1303643.266501865
2022-05-31,1312502.1193386696
2022-06-01,1303401.1047567402
2022-06-02,1255123.9308630512
2022-06-06,1276249.4428661573
2022-06-07,1289600.1298930198
2022-06-08,1305567.6730797358
2022-06-09,1379698.9496973406
2022-06-10,1403853.9580572457
2022-06-13,1399800.3524398543
2022-06-14,1411856.598040385
2022-06-15,1416388.3684196314
2022-06-16,1398786.8761612286
2022-06-17,1386929.9757693738
2022-06-20,1385889.7782875467
2022-06-21,1385889.7782875467
2022-06-22,1385889.7782875467
2022-06-23,1385889.7782875467
2022-06-24,1385889.7782875467
2022-06-27,1392205.507350576
2022-06-28,1401467.326407407
2022-06-29,1403394.7833537122
2022-06-30,1390371.5839367092
2022-07-01,1384537.4150386592
2022-07-04,1397790.0469897503
2022-07-05,1406987.3296469948
2022-07-06,1366732.6918060484
2022-07-07,1353987.8232381071
2022-07-08,1368395.979195559
2022-07-11,1366343.3852267656
2022-07-12,1366343.3852267656
2022-07-13,1366343.3852267656
2022-07-14,1366343.3852267656
2022-07-15,1366343.3852267656
2022-07-18,1366343.3852267656
2022-07-19,1366343.3852267656
2022-07-20,1366343.3852267656
2022-07-21,1366343.3852267656
2022-07-22,1366343.3852267656
2022-07-25,1349204.8418872429
2022-07-26,1368207.277864056
2022-07-27,1378778.325950807
2022-07-28,1394273.2824965839
2022-07-29,1399865.5412862122
2022-08-01,1388962.8985871961
2022-08-02,1360138.290967461
2022-08-03,1359010.0187399632
2022-08-04,1323981.8511011049
2022-08-05,1309583.503617565
2022-08-08,1305654.7531067121
2022-08-09,1305654.7531067121
2022-08-10,1305654.7531067121
2022-08-11,1305654.7531067121
2022-08-12,1305654.7531067121
2022-08-15,1310970.6645299236
2022-08-16,1294366.2250603258
2022-08-17,1291546.22282977
2022-08-18,1291236.612229522
2022-08-19,1296087.0394614465
2022-08-22,1288030.1274276406
2022-08-23,1325028.3987827103
2022-08-24,1335499.6626785006
2022-08-25,1365898.4330585927
2022-08-26,1369436.838039392
2022-08-29,1375301.1832432542
2022-08-30,1389455.6343243741
2022-08-31,1307693.5213840473
2022-09-01,1297318.1861463934
2022-09-02,1303819.0499043216
2022-09-05,1317109.6922037941
2022-09-06,1323146.2348154576
2022-09-07,1319843.3016256727
2022-09-08,1314271.5051328235
2022-09-09,1315125.7158470864
2022-09-13,1318119.9357001216
2022-09-14,1325801.8426475252
2022-09-15,1328793.6089025724
2022-09-16,1316525.3135878304
2022-09-19,1315537.9196026395
2022-09-20,1315537.9196026395
2022-09-21,1315537.9196026395
2022-09-22,1315537.9196026395
2022-09-23,1315537.9196026395
2022-09-26,1295959.005113881
2022-09-27,1283263.9161560084
2022-09-28,1283913.3628767314
2022-09-29,1284790.0475127702
2022-09-30,1281956.6419220932
2022-10-10,1361708.0157854927
2022-10-11,1355778.2651797284
2022-10-12,1331901.2957226085
2022-10-13,1354582.77368141
2022-10-14,1354797.9031367474
2022-10-17,1350733.5094273372
2022-10-18,1350733.5094273372
2022-10-19,1350733.5094273372
2022-10-20,1350733.5094273372
2022-10-21,1350733.5094273372
2022-10-24,1370347.2057816512
2022-10-25,1353382.689352161
2022-10-26,1334102.3332447438
2022-10-27,1328401.2067274598
2022-10-28,1320473.347234504
2022-10-31,1298097.4993215746
2022-11-01,1288153.5907528847
2022-11-02,1298295.175644886
2022-11-03,1305353.9557558033
2022-11-04,1313589.3678292013
2022-11-07,1383126.9252536208
2022-11-08,1376162.8663309887
2022-11-09,1357083.9929299296
2022-11-10,1324430.337872661
2022-11-11,1348555.7470163773
2022-11-14,1344755.888628872
2022-11-15,1337417.587632661
2022-11-16,1342992.6181705336
2022-11-17,1338430.4650751106
2022-11-18,1334617.7737189203
2022-11-21,1329075.817350408
2022-11-22,1338257.8251535757
2022-11-23,1343245.7655292503
2022-11-24,1340620.7832249359
2022-11-25,1344043.2578219962
2022-11-28,1328626.5670931465
2022-11-29,1339697.8365272593
2022-11-30,1364813.549173714
2022-12-01,1375123.9735737192
2022-12-02,1380885.957589083
2022-12-05,1386626.920548723
2022-12-06,1374692.0989424197
2022-12-07,1362035.965163009
2022-12-08,1357036.433905397
2022-12-09,1348324.3542956393
2022-12-12,1346020.1550582151
2022-12-13,1344743.9501559432
2022-12-14,1344030.0463001227
2022-12-15,1344098.7932445644
2022-12-16,1340587.4408629173
2022-12-19,1334535.6500672803
2022-12-20,1329628.0237164355
2022-12-21,1328696.652864159
2022-12-22,1328983.7862701283
2022-12-23,1321693.9457891372
2022-12-26,1344625.0334384767
2022-12-27,1357292.2581619946
2022-12-28,1359241.5927128664
2022-12-29,1342247.0787254819
2022-12-30,1336957.4447657466
2023-01-03,1352427.325157573
2023-01-04,1345139.9240533777
2023-01-05,1335714.6220970433
2023-01-06,1337881.7942472182
2023-01-09,1336430.2464850643
2023-01-10,1336531.0036458294
2023-01-11,1337161.9975638106
2023-01-12,1342176.365646368
2023-01-13,1344554.4796164697
2023-01-16,1346011.1256107185
2023-01-17,1343755.0723729017
2023-01-18,1352870.003553532
2023-01-19,1349480.0306450883
2023-01-20,1368782.9257456139
2023-01-30,1377596.2051444626
2023-01-31,1359744.8775304726
2023-02-01,1362745.510183093
2023-02-02,1363006.9254210948
2023-02-03,1352945.5435046384
2023-02-06,1348886.7068741245
2023-02-07,1348886.7068741245
2023-02-08,1348886.7068741245
2023-02-09,1348886.7068741245
2023-02-10,1348886.7068741245
2023-02-13,1350413.053779356
2023-02-14,1352705.6013535988
2023-02-15,1348720.7371962855
2023-02-16,1353243.3843165427
2023-02-17,1338335.6618678214
2023-02-20,1334320.654882218
2023-02-21,1334320.654882218
2023-02-22,1334320.654882218
2023-02-23,1334320.654882218
2023-02-24,1334320.654882218
2023-02-27,1334320.654882218
2023-02-28,1334320.654882218
2023-03-01,1334320.654882218
2023-03-02,1334320.654882218
2023-03-03,1334320.654882218
2023-03-06,1343002.4634011274
2023-03-07,1380742.5723113555
2023-03-08,1353923.5516513234
2023-03-09,1359823.7430539443
2023-03-10,1343905.738605636
2023-03-13,1352852.0262084352
2023-03-14,1348007.9138570926
2023-03-15,1344309.4914032298
2023-03-16,1335202.2251248944
2023-03-17,1346340.0793537972
2023-03-20,1345330.324294282
2023-03-21,1345330.324294282
2023-03-22,1345330.324294282
2023-03-23,1345330.324294282
2023-03-24,1345330.324294282
2023-03-27,1324583.39438156
2023-03-28,1345828.9179610854
2023-03-29,1338309.121337013
2023-03-30,1345575.1396805772
2023-03-31,1342900.5797386135
2023-04-03,1410772.087369584
2023-04-04,1423533.5100749475
2023-04-06,1397395.3399272184
2023-04-07,1384124.0859549004
2023-04-10,1414502.2822439966
2023-04-11,1416149.2899824851
2023-04-12,1460352.677608734
2023-04-13,1514821.0956892266
2023-04-14,1487997.4918899017
2023-04-17,1514764.2098002832
2023-04-18,1507313.1700269403
2023-04-19,1508807.9679209804
2023-04-20,1510174.0707446958
2023-04-21,1517909.1258876272
2023-04-24,1507700.426884607
2023-04-25,1511292.1583995956
2023-04-26,1506849.9872357894
2023-04-27,1505110.572274262
2023-04-28,1521900.1264673665
2023-05-04,1520897.9279012352
2023-05-05,1514320.7838552115
2023-05-08,1530055.8268909382
2023-05-09,1531972.9427115002
2023-05-10,1517195.3658956618
2023-05-11,1507176.4571241746
2023-05-12,1505581.1130903156
2023-05-15,1504451.9272554978
2023-05-16,1504451.9272554978
2023-05-17,1504451.9272554978
2023-05-18,1504451.9272554978
2023-05-19,1504451.9272554978
2023-05-22,1498949.9835051254
2023-05-23,1500865.3924601495
2023-05-24,1493380.221075805
2023-05-25,1488518.025741754
2023-05-26,1487473.3179497132
2023-05-29,1513647.364552421
2023-05-30,1513640.4885319076
2023-05-31,1498495.230907571
2023-06-01,1505944.8017347788
2023-06-02,1516256.4875592494
2023-06-05,1515630.6064106247
2023-06-06,1510832.7611500612
2023-06-07,1506167.1691453347
2023-06-08,1511601.0307876284
2023-06-09,1511632.929453108
2023-06-12,1515307.079691203
2023-06-13,1496578.2746505407
2023-06-14,1500984.361691873
2023-06-15,1493402.5202049406
2023-06-16,1509591.082097103
2023-06-19,1503267.6365624527
2023-06-20,1501579.7256805713
2023-06-21,1503267.4631902878
2023-06-26,1497159.3508865251
2023-06-27,1502662.599031288
2023-06-28,1503955.050203042
2023-06-29,1507628.5821934587
2023-06-30,1506772.6565888706
2023-07-03,1548353.642408694
2023-07-04,1572351.3179663992
2023-07-05,1568692.994173415
2023-07-06,1563687.0054318302
2023-07-07,1571506.6452565654
2023-07-10,1575254.3790958668
2023-07-11,1566620.205523077
2023-07-12,1580983.53523997
2023-07-13,1607778.5984565953
2023-07-14,1629707.7139266026
2023-07-17,1620057.017975226
2023-07-18,1613791.3885773427
2023-07-19,1625873.7095263496
2023-07-20,1620294.577548336
2023-07-21,1604769.3445468578
2023-07-24,1600786.8365926344
2023-07-25,1615219.0453640516
2023-07-26,1610694.8210770404
2023-07-27,1605602.4498404446
2023-07-28,1597212.6802972418
2023-07-31,1602600.205095636
2023-08-01,1607375.2242332578
2023-08-02,1606749.7690746689
2023-08-03,1594155.5800036078
2023-08-04,1599605.4671245257
2023-08-07,1583513.5964989546
2023-08-08,1578996.8588674671
2023-08-09,1574494.5377591604
2023-08-10,1609654.8449451546
2023-08-11,1599703.1242942328
2023-08-14,1590990.760653169
2023-08-15,1591376.91718227
2023-08-16,1587444.2876681578
2023-08-17,1584524.043495953
2023-08-18,1589907.9410065138
2023-08-21,1587645.0953942935
2023-08-22,1589803.1044151783
2023-08-23,1589376.486393812
2023-08-24,1587021.4618481488
2023-08-25,1586878.5778263945
2023-08-28,1611102.049304896
2023-08-29,1592179.6961749804
2023-08-30,1591143.457760479
2023-08-31,1590214.9060439968
2023-09-01,1592691.4288425539
2023-09-04,1672495.5534196375
2023-09-05,1678481.2563206223
2023-09-06,1731378.5917352801
2023-09-07,1732078.3863227358
2023-09-08,1676662.4685727018
2023-09-11,1696836.1034268562
2023-09-12,1695502.3367922876
2023-09-13,1721206.8439237315
2023-09-14,1753005.8794262828
2023-09-15,1820119.6808517103
2023-09-18,1783174.5751982804
2023-09-19,1794122.3085753303
2023-09-20,1781680.1995529803
2023-09-21,1774195.7406087653
2023-09-22,1767172.8028074193
2023-09-25,1764522.0436032084
2023-09-26,1764522.0436032084
2023-09-27,1764522.0436032084
2023-09-28,1764522.0436032084
2023-10-09,1753472.740417318
2023-10-10,1754892.3020289233
2023-10-11,1737453.1883745447
2023-10-12,1727965.6948917394
2023-10-13,1730448.4467478017
2023-10-16,1770409.8613154523
2023-10-17,1800328.274456775
2023-10-18,1794050.7987082563
2023-10-19,1776654.8195283345
2023-10-20,1756098.6915044186
2023-10-23,1712390.243123802
2023-10-24,1703116.5121323592
2023-10-25,1686429.074418934
2023-10-26,1656092.9066685527
2023-10-27,1679005.1958371226
2023-10-30,1673968.1802496111
2023-10-31,1673968.1802496111
2023-11-01,1673968.1802496111
2023-11-02,1673968.1802496111
2023-11-03,1673968.1802496111
2023-11-06,1665540.1674431155
2023-11-07,1659735.4517779914
2023-11-08,1655644.6755542862
2023-11-09,1659272.1229671224
2023-11-10,1659160.8258835701
2023-11-13,1663921.9931521025
2023-11-14,1665996.8789326788
2023-11-15,1665295.838435757
2023-11-16,1667303.7473139684
2023-11-17,1659684.675176044
2023-11-20,1672938.1629415667
2023-11-21,1679076.1975418653
2023-11-22,1671074.1859340537
2023-11-23,1665302.0154878946
2023-11-24,1670063.440193756
2023-11-27,1665092.5871115306
2023-11-28,1663643.6762274606
2023-11-29,1664715.2988333048
2023-11-30,1667695.3513738294
2023-12-01,1667307.7290540421
2023-12-04,1669845.8627031848
2023-12-05,1664721.220031698
2023-12-06,1659015.1719756955
2023-12-07,1652958.7567070008
2023-12-08,1658857.1151243174
2023-12-11,1656258.071732624
2023-12-12,1655645.4998375515
2023-12-13,1654411.8135257487
2023-12-14,1653711.9271478874
2023-12-15,1654270.2919651626
2023-12-18,1637936.0673362
2023-12-19,1632118.1555523486
2023-12-20,1650097.0099977085
2023-12-21,1628982.3612422266
2023-12-22,1646111.9082420808
2023-12-25,1641969.7705760254
2023-12-26,1646444.0689334422
2023-12-27,1661564.6000589842
2023-12-28,1664280.6671880851
2023-12-29,1665914.2205575656
2024-01-02,1682657.8898511957
2024-01-03,1684861.8488113019
2024-01-04,1701585.682514476
2024-01-05,1701237.6707291433
2024-01-08,1673170.4888056186
2024-01-09,1658219.025652724
2024-01-10,1661809.77974136
2024-01-11,1636159.7534559823
2024-01-12,1648740.7315366887
2024-01-15,1643794.5093420786
2024-01-16,1643794.5093420786
2024-01-17,1643794.5093420786
2024-01-18,1643794.5093420786
2024-01-19,1643794.5093420786
2024-01-22,1639715.146924912
2024-01-23,1626951.5447472208
2024-01-24,1638700.3102035339
2024-01-25,1674316.4492181153
2024-01-26,1687701.0510615667
2024-01-29,1711128.3153638241
2024-01-30,1664683.5441675982
2024-01-31,1646991.4214027675
2024-02-01,1588610.6784514207
2024-02-02,1581077.874095558
2024-02-05,1571915.0069607242
2024-02-06,1564807.428179062
2024-02-07,1560825.1245503565
2024-02-08,1558219.2924120042
2024-02-19,1603081.4592730582
2024-02-20,1608638.3360648795
2024-02-21,1632926.236604658
2024-02-22,1644659.5971352698
2024-02-23,1656233.9447290865
2024-02-26,1656214.6223944682
2024-02-27,1656185.2519325495
2024-02-28,1661038.5689006962
2024-02-29,1637664.9072358424
2024-03-01,1643782.71974704
2024-03-04,1654771.2063120066
2024-03-05,1652726.4644550607
2024-03-06,1663979.657428769
2024-03-07,1669338.6871940508
2024-03-08,1675480.043265203
2024-03-11,1662369.8928417207
2024-03-12,1649318.5899114115
2024-03-13,1633158.0275319265
2024-03-14,1651537.6453146457
2024-03-15,1659211.5872323955
2024-03-18,1650624.8579846248
2024-03-19,1685589.9719358776
2024-03-20,1690188.320345149
2024-03-21,1694964.039667435
2024-03-22,1674453.0628516267
2024-03-25,1701445.1027062505
2024-03-26,1704489.0930004888
2024-03-27,1695935.421424385
2024-03-28,1683316.5763791779
2024-03-29,1728443.1830695397
2024-04-01,1727146.8486055587
2024-04-02,1748698.0328522034
2024-04-03,1768886.3222992176
2024-04-08,1786722.0395181763
2024-04-09,1775363.9721159604
2024-04-10,1738176.3627717453
2024-04-11,1745298.0690313822
2024-04-12,1751023.3755828764
2024-04-15,1751893.6864770113
2024-04-16,1748836.0948304285
2024-04-17,1740094.8291108208
2024-04-18,1734672.99649927
2024-04-19,1758647.958479536
2024-04-22,1757328.9725106764
2024-04-23,1757328.9725106764
2024-04-24,1757328.9725106764
2024-04-25,1757328.9725106764
2024-04-26,1757328.9725106764
2024-04-29,1717480.4229460694
2024-04-30,1711018.5399343786
2024-05-06,1705885.4843145756
2024-05-07,1705885.4843145756
2024-05-08,1705885.4843145756
2024-05-09,1705885.4843145756
2024-05-10,1705885.4843145756
2024-05-13,1702260.8235332756
2024-05-14,1694397.8638017091
2024-05-15,1688225.089022892
2024-05-16,1678307.744812302
2024-05-17,1673953.2005558454
2024-05-20,1718438.0577187168
2024-05-21,1704527.2500169189
2024-05-22,1692959.7390061528
2024-05-23,1676438.12424637
2024-05-24,1678528.0263757769
2024-05-27,1676010.2343362132
2024-05-28,1676010.2343362132
2024-05-29,1676010.2343362132
2024-05-30,1676010.2343362132
2024-05-31,1676010.2343362132
2024-06-03,1681237.2885768067
2024-06-04,1654077.0128386759
2024-06-05,1648743.0998101248
2024-06-06,1647404.5928493468
2024-06-07,1647248.6255213874
2024-06-11,1644777.7525831053
2024-06-12,1644777.7525831053
2024-06-13,1644777.7525831053
2024-06-14,1644777.7525831053
2024-06-17,1640837.9372649093
2024-06-18,1641445.08959191
2024-06-19,1650104.208004925
2024-06-20,1655431.909811764
2024-06-21,1651218.9789023197
2024-06-24,1643958.4079134131
2024-06-25,1642250.849418881
2024-06-26,1633570.5538767532
2024-06-27,1631000.533272163
2024-06-28,1653304.0906850144
2024-07-01,1670634.4852993542
2024-07-02,1687672.300360824
2024-07-03,1685044.1252888239
2024-07-04,1681535.177508161
2024-07-05,1675717.0438997783
2024-07-08,1673540.6724103384
2024-07-09,1671141.3476768404
2024-07-10,1669787.4291259719
2024-07-11,1672153.5849853395
2024-07-12,1682154.0161061464
2024-07-15,1669526.3434465996
2024-07-16,1668348.1867463712
2024-07-17,1659953.4790616254
2024-07-18,1647781.7087522456
2024-07-19,1637240.4776372234
2024-07-22,1618660.3120612432
2024-07-23,1613819.2997279072
2024-07-24,1610770.4823736446
2024-07-25,1606294.7209557204
2024-07-26,1597744.4372100194
2024-07-29,1599029.7399689127
2024-07-30,1592845.9294162607
2024-07-31,1602601.38903808
2024-08-01,1618496.7929153445
2024-08-02,1602272.4579564808
2024-08-05,1599522.330020834
2024-08-06,1604751.1090680403
2024-08-07,1603111.1118449792
2024-08-08,1605445.5358484425
2024-08-09,1607089.0364123408
2024-08-12,1624810.2837845779
2024-08-13,1649464.3417223939
2024-08-14,1637008.4139194272
2024-08-15,1636590.1290678002
2024-08-16,1636583.3081834682
2024-08-19,1626257.6168337606
2024-08-20,1617880.4884369725
2024-08-21,1602258.4859467472
2024-08-22,1602501.0447663735
2024-08-23,1604780.2993219004
2024-08-26,1617073.2876207624
2024-08-27,1644108.3548262634
2024-08-28,1636017.7552597655
2024-08-29,1624958.3796199933
2024-08-30,1626460.272647459
2024-09-02,1624165.0516394607
2024-09-03,1621036.5165538467
2024-09-04,1599727.1510959202
2024-09-05,1595137.6021721107
2024-09-06,1593538.6527313737
2024-09-09,1585000.2130196588
2024-09-10,1587638.1424425775
2024-09-11,1577906.8587605644
2024-09-12,1583825.804184682
2024-09-13,1592818.7853301363
2024-09-18,1604957.910373281
2024-09-19,1606789.7205931507
2024-09-20,1612300.8219657463
2024-09-23,1621801.0611586154
2024-09-24,1671564.561504375
2024-09-25,1724200.6675846588
2024-09-26,1680015.6486390256
2024-09-27,1710947.6560448995
2024-09-30,1743934.6015175935
2024-10-08,1819283.2663211124
2024-10-09,1761311.8355529476
2024-10-10,1753159.867589185
2024-10-11,1751364.8348454922
2024-10-14,1743281.0632829193
2024-10-15,1730016.8394476178
2024-10-16,1722424.2085318423
2024-10-17,1726498.6928775783
2024-10-18,1723469.9167720063
2024-10-21,1723248.6289418887
2024-10-22,1722038.0174044957
2024-10-23,1727633.5950309911
2024-10-24,1723246.087468318
2024-10-25,1724256.8701134117
2024-10-28,1727225.8332876319
2024-10-29,1732190.78819188
2024-10-30,1720648.0122083414
2024-10-31,1722991.6279398086
2024-11-01,1731620.563336741
2024-11-04,1727776.0950423535
2024-11-05,1729910.2700640915
2024-11-06,1736186.2619250417
2024-11-07,1731802.839319114
2024-11-08,1733859.4647670165
2024-11-11,1710100.907468453
2024-11-12,1717995.2051216445
2024-11-13,1715312.5051993674
2024-11-14,1718963.0151421204
2024-11-15,1717661.0568176936
2024-11-18,1714468.6589904542
2024-11-19,1708021.0826611267
2024-11-20,1710208.1698112881
2024-11-21,1712302.6625599386
2024-11-22,1716298.8472077027
2024-11-25,1712141.946403237
2024-11-26,1699681.6217331365
2024-11-27,1693378.719056554
2024-11-28,1694289.6393119704
2024-11-29,1703151.58062805
2024-12-02,1700260.9565898878
2024-12-03,1704297.5591309834
2024-12-04,1714941.018348103
2024-12-05,1709496.2116880356
2024-12-06,1711233.9094662846
2024-12-09,1715374.5257195942
2024-12-10,1722007.2288255426
2024-12-11,1714719.3272270942
2024-12-12,1717110.5084275722
2024-12-13,1713559.9293430287
2024-12-16,1715369.2165419764
2024-12-17,1717204.9356106822
2024-12-18,1703055.4278515917
2024-12-19,1690890.5010761523
2024-12-20,1687511.9398895933
2024-12-23,1684980.671979759
2024-12-24,1684980.671979759
2024-12-25,1684980.671979759
2024-12-26,1684980.671979759
2024-12-27,1684980.671979759
2024-12-30,1690592.3387405786
2024-12-31,1689383.539520935
2025-01-02,1683993.6195611248
2025-01-03,1681002.3265247585
2025-01-06,1670792.853894637
2025-01-07,1667321.713117714
2025-01-08,1681777.631532401
2025-01-09,1669790.399839441
2025-01-10,1660174.3288303867
2025-01-13,1681909.6552695986
2025-01-14,1691604.516439443
2025-01-15,1689270.256226336
2025-01-16,1703927.905388145
2025-01-17,1705377.4106772416
2025-01-20,1686733.3239888705
2025-01-21,1667478.6758524228
2025-01-22,1656488.530320802
2025-01-23,1652879.1226697564
2025-01-24,1640788.238629671
2025-01-27,1638327.0562717267
2025-02-05,1638327.0562717267
2025-02-06,1638327.0562717267
2025-02-07,1638327.0562717267
2025-02-10,1637389.587698279
2025-02-11,1641838.498405466
2025-02-12,1640585.9088242312
2025-02-13,1635761.247007092
2025-02-14,1635339.9107950253
2025-02-17,1629666.921811698
2025-02-18,1627097.8244268904
2025-02-19,1620339.128995704
2025-02-20,1617059.3982579422
2025-02-21,1615872.7789629502
2025-02-24,1613450.9605891095
2025-02-25,1612301.903563206
2025-02-26,1607700.5606025944
2025-02-27,1609095.0906191953
2025-02-28,1619736.7664462207
2025-03-03,1614141.1950287293
2025-03-04,1592288.3885504114
2025-03-05,1583213.4741450173
2025-03-06,1581917.580651254
2025-03-07,1594999.829893719
2025-03-10,1592607.3301488785
2025-03-11,1592607.3301488785
2025-03-12,1592607.3301488785
2025-03-13,1592607.3301488785
2025-03-14,1592607.3301488785
2025-03-17,1602519.8547685398
2025-03-18,1597421.3714507935
2025-03-19,1595986.4283918405
2025-03-20,1601920.2939004796
2025-03-21,1618959.6187596037
2025-03-24,1605122.1971114385
2025-03-25,1603365.3956904288
2025-03-26,1604609.6076825326
2025-03-27,1604570.18797594
2025-03-28,1590716.048417508
2025-03-31,1579167.0466835853
2025-04-01,1620565.6527593515
2025-04-02,1607802.2586111631
2025-04-03,1582055.0056546084
2025-04-07,1577308.8406376445
2025-04-08,1577308.8406376445
2025-04-09,1577308.8406376445
2025-04-10,1577308.8406376445
2025-04-11,1577308.8406376445
2025-04-14,1577308.8406376445
2025-04-15,1577308.8406376445
2025-04-16,1577308.8406376445
2025-04-17,1577308.8406376445
2025-04-18,1577308.8406376445
2025-04-21,1573754.4919757044
2025-04-22,1576758.1848451898
2025-04-23,1581260.606820926
2025-04-24,1575380.0998832386
2025-04-25,1571252.445880882
2025-04-28,1570209.9580107338
2025-04-29,1569164.2271238964
2025-04-30,1570858.9155430254
2025-05-06,1572579.4539592427
2025-05-07,1579698.1378809875
2025-05-08,1577768.9259609757
2025-05-09,1580988.2156815345
2025-05-12,1575119.2545879188
2025-05-13,1595480.9705136498
2025-05-14,1608998.7998376284
2025-05-15,1603403.6037648453
2025-05-16,1595650.695199852
2025-05-19,1593614.0246332323
2025-05-20,1591284.1963110443
2025-05-21,1604496.3981826962
2025-05-22,1604995.7152128154
2025-05-23,1602871.2683698512
2025-05-26,1600466.9614672966
2025-05-27,1600466.9614672966
2025-05-28,1600466.9614672966
2025-05-29,1600466.9614672966
2025-05-30,1600466.9614672966
2025-06-03,1603580.5186021763
2025-06-04,1609081.2011337024
2025-06-05,1604241.1903065885
2025-06-06,1611304.4909329277
2025-06-09,1628677.8460307259
2025-06-10,1635126.9486204144
2025-06-11,1637101.4716360183
2025-06-12,1702225.820358697
2025-06-13,1756144.3329582193
2025-06-16,1822550.6141212126
2025-06-17,1858366.1369198975
2025-06-18,1897640.2308798737
2025-06-19,1957402.5324721988
2025-06-20,1978638.3319833751
2025-06-23,1977395.3312382675
2025-06-24,1851937.2462712743
2025-06-25,1792462.0373295392
2025-06-26,1846251.4606111818
2025-06-27,1812781.5109465867
2025-06-30,1809464.6644622602
2025-07-01,1806814.8729103485
2025-07-02,1804315.939389517
2025-07-03,1803189.3581716828
2025-07-04,1798139.0691510043
2025-07-07,1787534.9306045638
2025-07-08,1791456.9648398277
2025-07-09,1797420.7844756895
2025-07-10,1799013.275831433
2025-07-11,1799925.2400776355
2025-07-14,1803776.1359576145
2025-07-15,1795415.5997980062
2025-07-16,1797834.3296640057
2025-07-17,1791417.1166924064
2025-07-18,1794501.0165159868
2025-07-21,1797090.526721519
2025-07-22,1799345.4041336244
2025-07-23,1800850.9172861523
2025-07-24,1798274.101432412
2025-07-25,1801474.9121292967
2025-07-28,1771888.791302059
2025-07-29,1779942.3985549477
2025-07-30,1822395.6680504517
2025-07-31,1818777.1342467417
2025-08-01,1771482.6675575743
2025-08-04,1755205.5962013444
2025-08-05,1762738.4128898245
2025-08-06,1762825.8900012393
2025-08-07,1764858.1459057156
2025-08-08,1768254.398428671
2025-08-11,1764259.6069642587
2025-08-12,1769235.1523727519
2025-08-13,1767597.2992390017
2025-08-14,1764092.8981275451
2025-08-15,1757303.7297141936
2025-08-18,1754484.7297625858
2025-08-19,1752742.911915845
2025-08-20,1754648.859191847
2025-08-21,1771297.998629188
2025-08-22,1779289.0489259032
2025-08-25,1766166.2557253968
2025-08-26,1772444.2273633967
2025-08-27,1744213.4132013933
2025-08-28,1702234.7001481128
2025-08-29,1714523.3737455097
2025-09-01,1710605.9805281262
2025-09-02,1747099.3276716748
2025-09-03,1753537.141014604
2025-09-04,1712849.0239536867
2025-09-05,1697315.5668424093
2025-09-08,1692223.620141882
2025-09-09,1692223.620141882
2025-09-10,1692223.620141882
2025-09-11,1692223.620141882
2025-09-12,1692223.620141882
2025-09-15,1698989.9435039316
2025-09-16,1690349.0417198243
2025-09-17,1696408.686053799
2025-09-18,1680296.6833976381
2025-09-19,1666294.4112368585
2025-09-22,1662615.3451506267
2025-09-23,1661052.1971085079
2025-09-24,1670959.1007205052
2025-09-25,1667922.8577990036
2025-09-26,1673951.9003776768
2025-09-29,1670728.0589734372
2025-09-30,1666310.9756319644
2025-10-09,1663811.5091685166
2025-10-10,1663811.5091685166
2025-10-13,1663811.5091685166
2025-10-14,1663811.5091685166
2025-10-15,1663811.5091685166
2025-10-16,1663811.5091685166
2025-10-17,1663811.5091685166
2025-10-20,1663867.0353027587
2025-10-21,1672154.019911246
2025-10-22,1687145.3121479668
2025-10-23,1687054.7609662048
2025-10-24,1686221.9716818167
2025-10-27,1667174.5813496546
2025-10-28,1664194.4800980033
2025-10-29,1657679.0887910246
2025-10-30,1663187.5752586683
2025-10-31,1666153.4466647143
2025-11-03,1677446.0534436235
2025-11-04,1676487.733309008
2025-11-05,1674365.352536179
2025-11-06,1676974.2107749726
2025-11-07,1682687.7790415357
2025-11-10,1684996.5490242243
2025-11-11,1683789.037732784
2025-11-12,1698369.1442177717
2025-11-13,1692466.5528695995
2025-11-14,1703737.9992897348
2025-11-17,1704447.8734271962
2025-11-18,1706926.946484925
2025-11-19,1718748.0089964415
2025-11-20,1716465.3671022777
2025-11-21,1707769.016179314
2025-11-24,1706488.1894171797
2025-11-25,1706488.1894171797
2025-11-26,1706488.1894171797
2025-11-27,1706488.1894171797
2025-11-28,1706488.1894171797
2025-12-01,1711589.0509697474
2025-12-02,1715086.5749520755
2025-12-03,1708873.5160618117
2025-12-04,1709698.3782728368
2025-12-05,1706878.4237767237
2025-12-08,1704444.0224982933
2025-12-09,1700446.35167691
2025-12-10,1699843.2094644452
2025-12-11,1700377.9987678486
2025-12-12,1692606.3467294103
2025-12-15,1691336.8919693632
2025-12-16,1691336.8919693632
2025-12-17,1691336.8919693632
2025-12-18,1691336.8919693632
2025-12-19,1691336.8919693632
2025-12-22,1691336.8919693632
2025-12-23,1691336.8919693632
2025-12-24,1691336.8919693632
2025-12-25,1691336.8919693632
2025-12-26,1691336.8919693632
2025-12-29,1698342.2000760457
2025-12-30,1713054.661570014
2025-12-31,1710606.6136113172
