code,jq_code,industry,sw_code,name,pe_ttm,pb,market_cap,turnover_ratio,roe,revenue_growth,gross_margin,net_margin,eps,cashflow_quality,risk_flag,risk_details,pe_inverse,gross_margin_change,roe_rank,revenue_growth_rank,cashflow_quality_rank,pe_inverse_rank,gross_margin_change_rank,fundamental_score,industry_trend_score,company_quality_score,research_score_raw,research_score,vc_heat,report_sentiment,intel_score_raw,intelligence_score,supply_chain_adj,composite_score,composite_rank
000968,000968.XSHE,oil,801961,蓝焰控股,18.5891,1.2056,74.4977,2.0518,0.55,-21.77,30.66,6.25,0.0354,7.9198159041643,False,,0.05379496586709416,30.66,0.5111111111111111,0.17777777777777778,0.8222222222222222,0.8064516129032258,0.9111111111111111,0.550489844683393,0.6,0.5,0.54,0.4000000000000002,0.3,0.68,0.4425,0.0,1.0,0.47286738351254476,19.0
600759,600759.XSHG,oil,801961,洲际油气,26.9881,1.2743,112.0233,10.6165,0.38,-18.45,55.3,7.13,0.008,0.5005292786265655,False,,0.03705336796588126,55.3,0.4666666666666667,0.2222222222222222,0.28888888888888886,0.6129032258064516,1.0,0.42097968936678615,0.6,0.4,0.48,0.2,0.3,0.68,0.4425,0.0,1.0,0.34573476702508965,35.0
600938,600938.XSHG,oil,801961,中国海油,11.1991,1.757,13802.6986,1.6645,4.13,5.68,49.8,30.95,0.6825,1.9270358506837502,False,,0.08929288960720058,49.8,1.0,0.7555555555555555,0.4444444444444444,0.967741935483871,0.9777777777777777,0.817921146953405,0.6,0.8,0.72,1.0,0.3,0.68,0.4425,0.0,1.0,0.7634408602150538,1.0
002207,002207.XSHE,oil,801962,准油股份,-65.7622,60.2888,21.3575,8.1481,-30.89,-20.2,-2.37,-14.14,-0.0494,2.66153959933927,False,,,-2.37,0.022222222222222223,0.2,0.4888888888888889,,0.06666666666666667,0.22962962962962966,0.6,0.4,0.48,0.2,0.3,0.68,0.4425,0.0,1.0,0.20222222222222225,44.0
002554,002554.XSHE,oil,801962,惠博普,-46.5269,2.039,48.2807,3.216,-1.42,115.5,6.29,-4.76,-0.0254,6.7006521973001965,False,,,6.29,0.2,0.9555555555555556,0.7333333333333333,,0.28888888888888886,0.554074074074074,0.6,0.5,0.54,0.4000000000000002,0.3,0.68,0.4425,0.0,1.0,0.4755555555555556,18.0
002629,002629.XSHE,oil,801962,仁智股份,1007.2361,100.6611,36.0479,5.3229999999999995,-23.03,-55.83,-5.41,-53.01,-0.0218,0.37377862073585894,False,,0.0009928158849747343,-5.41,0.044444444444444446,0.044444444444444446,0.24444444444444444,0.03225806451612903,0.044444444444444446,0.08281959378733574,0.6,0.3,0.42,0.0,0.3,0.68,0.4425,0.0,1.0,0.062114695340501805,45.0
002828,002828.XSHE,oil,801962,贝肯能源,260.2275,3.3658,23.4151,8.4458,2.19,19.1,19.0,4.94,0.0756,3.3627737687242645,False,,0.0038427914036756297,19.0,0.8,0.8888888888888888,0.5555555555555556,0.12903225806451613,0.7333333333333333,0.6809080047789724,0.6,0.4,0.48,0.2,0.3,0.68,0.4425,0.0,1.0,0.5406810035842293,10.0
300164,300164.XSHE,oil,801962,通源石油,56.0306,2.4521,35.7194,12.0818,1.22,-2.31,25.47,5.93,0.0299,2.9739531376499215,False,,0.017847390533030166,25.47,0.6888888888888889,0.6222222222222222,0.5333333333333333,0.41935483870967744,0.8444444444444444,0.6144324970131422,0.6,0.4,0.48,0.2,0.3,0.68,0.4425,0.0,1.0,0.4908243727598567,16.0
300191,300191.XSHE,oil,801962,潜能恒信,-216.7345,5.9511,63.2,1.2383,0.91,63.54,36.52,4.91,0.0301,8.938235164186365,False,,,36.52,0.6222222222222222,0.9333333333333333,0.8444444444444444,,0.9333333333333333,0.754074074074074,0.6,0.3,0.42,0.0,0.3,0.68,0.4425,0.0,1.0,0.5655555555555555,8.0
600339,600339.XSHG,oil,801962,中油工程,39.1251,0.769,206.0181,0.6959,0.2,12.84,7.42,0.27,0.0095,-35.335139058515544,False,,0.025559040104689824,7.42,0.4222222222222222,0.8444444444444444,0.022222222222222223,0.4838709677419355,0.35555555555555557,0.4585902031063322,0.6,0.7,0.6599999999999999,0.7999999999999998,0.3,0.68,0.4425,0.0,1.0,0.4639426523297491,23.0
600583,600583.XSHG,oil,801962,海油工程,12.7716,0.9568,258.2071,1.2786,1.89,-9.34,11.03,8.28,0.1146,0.5633716691003311,False,,0.07829872529675218,11.03,0.7333333333333333,0.4444444444444444,0.3111111111111111,0.9032258064516129,0.4222222222222222,0.5737634408602151,0.6,0.7,0.6599999999999999,0.7999999999999998,0.3,0.68,0.4425,0.0,1.0,0.5503225806451614,9.0
600871,600871.XSHG,oil,801962,石化油服,70.7263,4.6269,441.6992,1.6178,1.88,0.27,8.38,0.98,0.0093,5.370021817524107,False,,0.01413901193756778,8.38,0.7111111111111111,0.6444444444444445,0.6666666666666666,0.3870967741935484,0.37777777777777777,0.6190203106332138,0.6,0.5,0.54,0.4000000000000002,0.3,0.68,0.4425,0.0,1.0,0.5242652329749105,12.0
600968,600968.XSHG,oil,801962,海油发展,10.6166,1.4173,405.5877,0.4273,3.64,-5.75,17.79,9.22,0.1007,0.7730702135615874,False,,0.09419211423619614,17.79,0.9777777777777777,0.4888888888888889,0.3333333333333333,1.0,0.7111111111111111,0.7037037037037037,0.6,0.7,0.6599999999999999,0.7999999999999998,0.3,0.68,0.4425,0.0,1.0,0.6477777777777778,3.0
601808,601808.XSHG,oil,801962,中海油服,18.2101,1.5454,710.49,0.4051,2.75,3.6,19.53,11.39,0.261,1.8885292169257544,False,,0.0549145803702341,19.53,0.8666666666666667,0.7111111111111111,0.4,0.8387096774193549,0.7555555555555555,0.7207168458781363,0.6,0.8,0.72,1.0,0.3,0.68,0.4425,0.0,1.0,0.6905376344086023,2.0
603619,603619.XSHG,oil,801962,中曼石油,20.1155,2.3624,102.7316,3.1776,3.59,-11.44,45.8,15.15,0.3313,3.847714319946134,False,,0.049712907956550915,45.8,0.9555555555555556,0.37777777777777777,0.5777777777777777,0.7419354838709677,0.9555555555555556,0.6974432497013142,0.6,0.5,0.54,0.4000000000000002,0.3,0.68,0.4425,0.0,1.0,0.5830824372759857,7.0
603727,603727.XSHG,oil,801962,博迈科,136.0901,1.261,40.0605,0.9526,0.35,-59.91,20.22,3.94,0.0391,7.418549665795211,False,,0.007348073078056376,20.22,0.4444444444444444,0.022222222222222223,0.7777777777777778,0.22580645161290322,0.7777777777777778,0.3915890083632019,0.6,0.5,0.54,0.4000000000000002,0.3,0.68,0.4425,0.0,1.0,0.35369175627240146,34.0
000059,000059.XSHE,oil,801963,华锦股份,-3.6732,0.8378,84.4506,1.1226,-3.94,205.27,12.76,-3.91,-0.2529,1.9094155511184676,False,,,12.76,0.1111111111111111,0.9777777777777777,0.4222222222222222,,0.4888888888888889,0.4814814814814814,0.6,0.5,0.54,0.4000000000000002,0.3,0.68,0.4425,0.0,1.0,0.4211111111111111,27.0
000096,000096.XSHE,oil,801963,广聚能源,103.4843,2.2485,62.832,2.0871,0.77,-29.51,13.07,6.4,0.0404,-0.3299253122436931,False,,0.009663301582945432,13.07,0.6,0.06666666666666667,0.15555555555555556,0.2903225806451613,0.5111111111111111,0.3216726403823178,0.6,0.4,0.48,0.2,0.3,0.68,0.4425,0.0,1.0,0.2712544802867384,42.0
000301,000301.XSHE,oil,801963,东方盛虹,-88.3413,1.9859,663.7675,0.8737,-0.75,-11.91,9.48,-0.89,-0.0393,-32.255701522431934,False,,,9.48,0.24444444444444444,0.3333333333333333,0.044444444444444446,,0.4,0.27259259259259255,0.6,0.7,0.6599999999999999,0.7999999999999998,0.3,0.68,0.4425,0.0,1.0,0.3244444444444444,37.0
000554,000554.XSHE,oil,801963,泰山石油,21.410999999999998,2.9428,34.0882,4.6325,1.93,-5.54,14.56,2.71,0.0452,2.8670943526703154,False,,0.046704964737751625,14.56,0.7555555555555555,0.5333333333333333,0.5111111111111111,0.6774193548387096,0.5333333333333333,0.6221744324970132,0.6,0.3,0.42,0.0,0.3,0.68,0.4425,0.0,1.0,0.46663082437275993,22.0
000637,000637.XSHE,oil,801963,茂化实华,-40.3576,4.5538,25.2659,5.0878,-1.98,-11.88,3.27,-1.73,-0.0213,4.11401411596287,False,,,3.27,0.15555555555555556,0.35555555555555557,0.6,,0.15555555555555556,0.3437037037037037,0.6,0.3,0.42,0.0,0.3,0.68,0.4425,0.0,1.0,0.2577777777777778,43.0
000703,000703.XSHE,oil,801963,恒逸石化,112.3325,1.1288,262.9911,1.808,0.02,-7.07,4.49,-0.09,0.0012,-20.64777450782438,False,,0.008902143190973226,4.49,0.3111111111111111,0.4666666666666667,0.06666666666666667,0.25806451612903225,0.2222222222222222,0.29070489844683395,0.6,0.6,0.6,0.6,0.3,0.68,0.4425,0.0,1.0,0.30802867383512544,40.0
000819,000819.XSHE,oil,801963,岳阳兴长,-179.6152,3.4836,73.9009,10.419,-0.11,7.74,15.27,0.1,-0.0063,17.86017552605131,False,,,15.27,0.28888888888888886,0.8222222222222222,0.9111111111111111,,0.5555555555555556,0.6014814814814814,0.6,0.4,0.48,0.2,0.3,0.68,0.4425,0.0,1.0,0.48111111111111104,17.0
000985,000985.XSHE,oil,801963,大庆华科,-811.8624,4.1042,25.2408,2.7185,0.68,-12.12,5.83,0.88,0.0321,7.376041103916035,False,,,5.83,0.5777777777777777,0.3111111111111111,0.7555555555555555,,0.26666666666666666,0.5111111111111111,0.6,0.3,0.42,0.0,0.3,0.68,0.4425,0.0,1.0,0.3833333333333333,30.0
001316,001316.XSHE,oil,801963,润贝航科,30.1559,3.2448,40.5619,1.829,3.27,14.41,29.74,13.98,0.3532,-0.18185564162282108,False,,0.03316100663551743,29.74,0.9111111111111111,0.8666666666666667,0.17777777777777778,0.5806451612903226,0.8888888888888888,0.7070489844683392,0.6,0.6,0.6,0.6,0.3,0.68,0.4425,0.0,1.0,0.6202867383512544,4.0
002221,002221.XSHE,oil,801963,东华能源,34.2914,1.1969,133.0252,0.8779,0.08,-24.95,5.78,0.14,0.0057,41.130902512874364,False,,0.029161830663081704,5.78,0.35555555555555557,0.15555555555555556,0.9777777777777777,0.5161290322580645,0.24444444444444444,0.4406690561529272,0.6,0.6,0.6,0.6,0.3,0.68,0.4425,0.0,1.0,0.4205017921146954,28.0
002377,002377.XSHE,oil,801963,国创高新,-74.1492,6.4768,28.680999999999997,2.3234,-5.81,48.13,7.08,-7.66,-0.0289,1.4589341293373932,False,,,7.08,0.08888888888888889,0.9111111111111111,0.37777777777777777,,0.3111111111111111,0.43555555555555553,0.6,0.3,0.42,0.0,0.3,0.68,0.4425,0.0,1.0,0.32666666666666666,36.0
002408,002408.XSHE,oil,801963,齐翔腾达,-45.7662,1.2473,142.1422,0.8190000000000001,-1.46,6.75,2.57,-2.77,-0.0594,-0.6285210068748704,False,,,2.57,0.17777777777777778,0.8,0.13333333333333333,,0.1,0.37259259259259264,0.6,0.6,0.6,0.6,0.3,0.68,0.4425,0.0,1.0,0.36944444444444446,32.0
002476,002476.XSHE,oil,801963,宝莫股份,51.5363,3.8054,36.5364,3.6568,2.32,6.46,16.99,11.9,0.036000000000000004,0.46309783001833105,False,,0.019403798875743894,16.99,0.8222222222222222,0.7777777777777778,0.26666666666666666,0.45161290322580644,0.6666666666666666,0.6394743130227001,0.6,0.4,0.48,0.2,0.3,0.68,0.4425,0.0,1.0,0.5096057347670251,15.0
002493,002493.XSHE,oil,801963,荣盛石化,148.43200000000002,2.5011,1092.845,0.6741,0.66,-5.67,12.19,1.21,0.0287,16.7066895098133,False,,0.006737091732241025,12.19,0.5333333333333333,0.5111111111111111,0.8888888888888888,0.16129032258064516,0.4666666666666667,0.544468339307049,0.6,0.7,0.6599999999999999,0.7999999999999998,0.3,0.68,0.4425,0.0,1.0,0.5283512544802867,11.0
002986,002986.XSHE,oil,801963,宇新股份,-222.0335,1.1288,43.2972,1.2093,-2.18,-3.25,2.58,-4.88,-0.2238,0.9360984800457357,False,,,2.58,0.13333333333333333,0.5777777777777777,0.35555555555555557,,0.13333333333333333,0.3451851851851852,0.6,0.5,0.54,0.4000000000000002,0.3,0.68,0.4425,0.0,1.0,0.3188888888888889,38.0
300055,300055.XSHE,oil,801963,万邦达,137.1383,1.4722,76.0605,10.6751,0.05,-5.4,11.4,1.57,0.003,-2.0697395184286327,False,,0.007291908970725174,11.4,0.3333333333333333,0.5555555555555556,0.1111111111111111,0.1935483870967742,0.4444444444444444,0.33691756272401435,0.6,0.5,0.54,0.4000000000000002,0.3,0.68,0.4425,0.0,1.0,0.3126881720430108,39.0
300135,300135.XSHE,oil,801963,宝利国际,772.8937,4.2506,40.1818,2.9427,-0.34,2.61,2.57,-0.67,-0.0035,6.332121086187521,False,,0.0012938389845848143,2.57,0.26666666666666666,0.6888888888888889,0.7111111111111111,0.06451612903225806,0.1,0.4300836320191159,0.6,0.5,0.54,0.4000000000000002,0.3,0.68,0.4425,0.0,1.0,0.382562724014337,31.0
300839,300839.XSHE,oil,801963,博汇股份,-18.285999999999998,5.1105,38.4927,0.9006,-0.97,354.05,4.4,-0.76,-0.018000000000000002,20.3152119468707,False,,,4.4,0.2222222222222222,1.0,0.9333333333333333,,0.2,0.6074074074074074,0.6,0.5,0.54,0.4000000000000002,0.3,0.68,0.4425,0.0,1.0,0.5155555555555555,13.0
600028,600028.XSHG,oil,801963,中国石化,19.0254,0.8254,6858.6529,0.1414,1.03,-10.88,16.33,1.49,0.0702,5.133772558006302,False,,0.052561312771347776,16.33,0.6444444444444445,0.4222222222222222,0.6444444444444445,0.7741935483870968,0.6,0.5995221027479093,0.6,0.5,0.54,0.4000000000000002,0.3,0.68,0.4425,0.0,1.0,0.509641577060932,14.0
600256,600256.XSHG,oil,801963,广汇能源,17.6887,1.4757,351.5602,2.1137,0.67,-25.81,16.35,1.8,0.0248,12.23049956406632,False,,0.05653326700096672,16.35,0.5555555555555556,0.1111111111111111,0.8666666666666667,0.8709677419354839,0.6222222222222222,0.5457586618876941,0.6,0.5,0.54,0.4000000000000002,0.3,0.68,0.4425,0.0,1.0,0.4693189964157706,20.0
600346,600346.XSHG,oil,801963,恒力石化,20.4253,2.2002,1421.8982,0.8294,3.09,-17.98,16.41,3.69,0.2802,0.33314690267163255,False,,0.04895888922072136,16.41,0.8888888888888888,0.24444444444444444,0.2222222222222222,0.7096774193548387,0.6444444444444445,0.5435125448028674,0.6,0.5,0.54,0.4000000000000002,0.3,0.68,0.4425,0.0,1.0,0.46763440860215055,21.0
600506,600506.XSHG,oil,801963,统一股份,96.1673,10.8148,51.8835,33.8485,3.32,4.22,20.57,3.58,0.0815,5.771996276105113,False,,0.010398545035578622,20.57,0.9333333333333333,0.7333333333333333,0.6888888888888889,0.3225806451612903,0.8,0.74078853046595,0.6,0.5,0.54,0.4000000000000002,0.3,0.68,0.4425,0.0,1.0,0.6155913978494625,5.0
600688,600688.XSHG,oil,801963,上海石化,-198.7684,1.2251,297.3018,0.6305,0.13,-13.8,17.07,0.16,0.0029,59.38348064039254,False,,,17.07,0.4,0.28888888888888886,1.0,,0.6888888888888889,0.522962962962963,0.6,0.5,0.54,0.4000000000000002,0.3,0.68,0.4425,0.0,1.0,0.4522222222222223,24.0
600800,600800.XSHG,oil,801963,渤海化学,-6.7163,3.8111,45.2898,1.3728,-16.99,-2.72,-18.98,-26.03,-0.1989,0.012448923215919824,False,,,-18.98,0.06666666666666667,0.6,0.2,,0.022222222222222223,0.2903703703703704,0.6,0.5,0.54,0.4000000000000002,0.3,0.68,0.4425,0.0,1.0,0.2777777777777778,41.0
601233,601233.XSHG,oil,801963,桐昆股份,21.7471,1.0013,379.2338,2.3982,1.2,-16.51,4.01,1.97,0.188,4.935275299866492,False,,0.0459831425799302,4.01,0.6666666666666666,0.26666666666666666,0.6222222222222222,0.6451612903225806,0.17777777777777778,0.5156511350059737,0.6,0.5,0.54,0.4000000000000002,0.3,0.68,0.4425,0.0,1.0,0.44673835125448036,25.0
601857,601857.XSHG,oil,801963,中国石油,11.4207,1.1591,18064.1705,0.0908,2.72,2.38,21.49,6.46,0.231,2.498213055459869,False,,0.08756030716155752,21.49,0.8444444444444444,0.6666666666666666,0.4666666666666667,0.9354838709677419,0.8222222222222222,0.7321385902031063,0.6,0.5,0.54,0.4000000000000002,0.3,0.68,0.4425,0.0,1.0,0.6091039426523298,6.0
603223,603223.XSHG,oil,801963,恒通股份,32.9819,1.9475,76.6323,2.6372,1.97,-26.83,28.34,19.94,0.1072,-4.356483565699466,False,,0.03031966017724873,28.34,0.7777777777777778,0.08888888888888889,0.08888888888888889,0.5483870967741935,0.8666666666666667,0.43163679808841104,0.6,0.5,0.54,0.4000000000000002,0.3,0.68,0.4425,0.0,1.0,0.38372759856630834,29.0
603353,603353.XSHG,oil,801963,和顺石油,527.0018,2.5380000000000003,41.8591,3.7335,0.47,-11.23,7.09,1.15,0.0451,26.792775967678256,False,,0.0018975267257151684,7.09,0.4888888888888889,0.4,0.9555555555555556,0.0967741935483871,0.3333333333333333,0.4958661887694147,0.6,0.5,0.54,0.4000000000000002,0.3,0.68,0.4425,0.0,1.0,0.43189964157706107,26.0
603798,603798.XSHG,oil,801963,康普顿,79.1314,3.553,41.0576,1.8135,0.09,-25.76,15.34,1.33,0.004,7.740463059708938,False,,0.01263720849119313,15.34,0.37777777777777777,0.13333333333333333,0.8,0.3548387096774194,0.5777777777777777,0.4073118279569892,0.6,0.5,0.54,0.4000000000000002,0.3,0.68,0.4425,0.0,1.0,0.36548387096774193,33.0
000027,000027.XSHE,power,801161,深圳能源,18.4451,1.0390000000000001,340.1534,0.8325,0.52,6.45,22.1,5.27,0.0546,9.457101571121823,False,,0.054214940553317686,22.1,0.2079207920792079,0.7425742574257426,0.8712871287128713,0.6931818181818182,0.45544554455445546,0.5643714371437144,0.8,0.5,0.6200000000000001,0.6666666666666671,0.7,0.68,0.6925,0.8888888888888888,1.0,0.594389688968897,38.0
000037,000037.XSHE,power,801161,深南电A,126.3941,4.0919,60.1557,6.7869,0.12,-38.54,33.32,8.28,0.003,1.350406887330654,False,,0.007911761704066883,33.32,0.13861386138613863,0.039603960396039604,0.2376237623762376,0.07954545454545454,0.6732673267326733,0.15978097809780978,0.8,0.5,0.6200000000000001,0.6666666666666671,0.7,0.68,0.6925,0.8888888888888888,1.0,0.2909468446844685,97.0
000155,000155.XSHE,power,801161,川能动力,52.5732,2.2654,233.7249,3.5380000000000003,0.4,28.52,34.98,19.14,0.0225,6.722719461567416,False,,0.0190210982021258,34.98,0.19801980198019803,0.9207920792079208,0.8118811881188119,0.2159090909090909,0.7029702970297029,0.5495799579957996,0.8,0.5,0.6200000000000001,0.6666666666666671,0.7,0.68,0.6925,0.8888888888888888,1.0,0.5832960796079609,49.0
000507,000507.XSHE,power,801161,珠海港,17.2547,0.951,52.056999999999995,1.2317,1.22,-27.68,26.79,10.65,0.0815,3.2064492256207053,False,,0.057955223794096684,26.79,0.31683168316831684,0.07920792079207921,0.6039603960396039,0.75,0.5445544554455446,0.38382838283828385,0.8,0.5,0.6200000000000001,0.6666666666666671,0.7,0.68,0.6925,0.8888888888888888,1.0,0.4589823982398241,81.0
000531,000531.XSHE,power,801161,穗恒运A,17.9366,1.0869,75.7099,1.7827,3.24,-1.34,22.45,19.91,0.2136,1.5534957440684924,False,,0.055751926229051216,22.45,0.7227722772277227,0.5346534653465347,0.26732673267326734,0.7159090909090909,0.46534653465346537,0.5634413441344135,0.8,0.5,0.6200000000000001,0.6666666666666671,0.7,0.68,0.6925,0.8888888888888888,1.0,0.5936921192119213,41.0
000537,000537.XSHE,power,801161,绿发电力,20.4004,0.9161,183.3076,0.7487,0.94,22.72,43.84,25.2,0.0905,7.965754977228226,False,,0.04901864669320209,43.84,0.297029702970297,0.8712871287128713,0.8514851485148515,0.6136363636363636,0.8217821782178217,0.6382538253825383,0.8,0.5,0.6200000000000001,0.6666666666666671,0.7,0.68,0.6925,0.8888888888888888,1.0,0.6498014801480149,19.0
000539,000539.XSHE,power,801161,粤电力A,321.738,1.1135,260.9391,1.341,2.38,-11.33,15.64,5.31,0.105,3.1434985298218923,False,,0.0031081190285263166,15.64,0.594059405940594,0.25742574257425743,0.5841584158415841,0.022727272727272728,0.2376237623762376,0.4023702370237024,0.8,0.5,0.6200000000000001,0.6666666666666671,0.7,0.68,0.6925,0.8888888888888888,1.0,0.47288878887888797,79.0
000543,000543.XSHE,power,801161,皖能电力,7.9206,1.1005,189.0564,1.4483,4.95,0.56,17.32,14.34,0.3636,2.6552956690782215,False,,0.12625306163674468,17.32,0.8910891089108911,0.5841584158415841,0.5445544554455446,1.0,0.3069306930693069,0.7155115511551156,0.8,0.5,0.6200000000000001,0.6666666666666671,0.7,0.68,0.6925,0.8888888888888888,1.0,0.7077447744774479,9.0
000591,000591.XSHE,power,801161,太阳能,18.1285,0.7891,192.139,2.9709,1.86,-8.22,56.84,32.01,0.1145,6.07222151885944,False,,0.05516176186667403,56.84,0.4900990099009901,0.33663366336633666,0.7821782178217822,0.7045454545454546,0.9108910891089109,0.5642364236423643,0.8,0.5,0.6200000000000001,0.6666666666666671,0.7,0.68,0.6925,0.8888888888888888,1.0,0.5942884288428844,39.0
000600,000600.XSHE,power,801161,建投能源,9.8466,1.3636,161.2092,2.4021,5.5,6.38,35.47,18.71,0.3793,1.936085438989724,False,,0.10155789815773972,35.47,0.9306930693069307,0.7326732673267327,0.3564356435643564,0.9318181818181818,0.7425742574257426,0.7506450645064507,0.8,0.5,0.6200000000000001,0.6666666666666671,0.7,0.68,0.6925,0.8888888888888888,1.0,0.7340949094909492,4.0
000601,000601.XSHE,power,801161,韶能股份,111.5276,1.3959,58.4578,1.7356,1.85,10.9,18.74,5.97,0.0709,5.351996431399408,False,,0.00896639038229102,18.74,0.4752475247524752,0.7821782178217822,0.7326732673267327,0.09090909090909091,0.3465346534653465,0.5487548754875488,0.8,0.5,0.6200000000000001,0.6666666666666671,0.7,0.68,0.6925,0.8888888888888888,1.0,0.5826772677267728,50.0
000690,000690.XSHE,power,801161,宝新能源,11.3652,0.8459,106.1833,1.8171,2.1,0.19,19.18,10.95,0.1206,0.6259803264246144,False,,0.08798789286594165,19.18,0.5445544554455446,0.5742574257425742,0.15841584158415842,0.8636363636363636,0.3564356435643564,0.5052505250525053,0.8,0.5,0.6200000000000001,0.6666666666666671,0.7,0.68,0.6925,0.8888888888888888,1.0,0.5500490049004902,59.0
000692,000692.XSHE,power,801161,惠天热电,-10.7284,-15.97,20.6206,2.1817,404.89,-29.19,-1251.81,-1775.73,-0.3242,-0.8662503740061538,False,,,-1251.81,1.0,0.06930693069306931,0.10891089108910891,,0.019801980198019802,0.4415841584158416,0.8,0.5,0.6200000000000001,0.6666666666666671,0.7,0.68,0.6925,0.8888888888888888,1.0,0.5022992299229924,72.0
000722,000722.XSHE,power,801161,湖南发展,91.4892,2.0471,64.4252,5.8272,0.74,59.82,37.01,17.76,0.0497,4.610142649265477,False,,0.010930251876724247,37.01,0.25742574257425743,0.9504950495049505,0.693069306930693,0.13636363636363635,0.7524752475247525,0.5462346234623462,0.8,0.5,0.6200000000000001,0.6666666666666671,0.7,0.68,0.6925,0.8888888888888888,1.0,0.5807870787078708,52.0
000767,000767.XSHE,power,801161,晋控电力,14.6414,1.5256,95.6929,2.0131,1.54,-0.02,14.13,3.95,0.055999999999999994,4.449674513743674,False,,0.06829947955796577,14.13,0.40594059405940597,0.5544554455445545,0.6732673267326733,0.7954545454545454,0.19801980198019803,0.5370837083708372,0.8,0.5,0.6200000000000001,0.6666666666666671,0.7,0.68,0.6925,0.8888888888888888,1.0,0.5739238923892391,55.0
000791,000791.XSHE,power,801161,甘肃能源,12.7261,1.6052,234.2052,1.0278,5.33,202.58,50.38,40.31,0.2334,1.9026409267831563,False,,0.07857866903450389,50.38,0.9207920792079208,0.9900990099009901,0.3465346534653465,0.8409090909090909,0.8613861386138614,0.80981098109811,0.8,0.5,0.6200000000000001,0.6666666666666671,0.7,0.68,0.6925,0.8888888888888888,1.0,0.7784693469346937,1.0
000862,000862.XSHE,power,801161,银星能源,43.0048,1.2838,57.5558,3.0488,1.62,5.54,37.02,22.8,0.0785,11.548777988271269,False,,0.023253218245405164,37.02,0.43564356435643564,0.693069306930693,0.9108910891089109,0.2727272727272727,0.7623762376237624,0.5993999399939994,0.8,0.5,0.6200000000000001,0.6666666666666671,0.7,0.68,0.6925,0.8888888888888888,1.0,0.6206610661066108,29.0
000875,000875.XSHE,power,801161,电投绿能,47.5528,1.2754,222.7144,2.6775,0.33,-3.99,20.58,7.17,0.0157,12.19818582487721,False,,0.021029255900809205,20.58,0.18811881188118812,0.46534653465346537,0.9207920792079208,0.22727272727272727,0.37623762376237624,0.4263426342634264,0.8,0.5,0.6200000000000001,0.6666666666666671,0.7,0.68,0.6925,0.8888888888888888,1.0,0.490868086808681,75.0
000883,000883.XSHE,power,801161,湖北能源,18.6075,0.9033,314.3503,0.3585,4.01,-9.99,30.04,28.79,0.2129,1.6538007613395984,False,,0.05374177079134757,30.04,0.8316831683168316,0.31683168316831684,0.2871287128712871,0.6818181818181818,0.6138613861386139,0.550975097509751,0.8,0.5,0.6200000000000001,0.6666666666666671,0.7,0.68,0.6925,0.8888888888888888,1.0,0.5843424342434245,47.0
000899,000899.XSHE,power,801161,赣能股份,11.0695,1.6595,104.6902,1.9908,7.1,5.44,28.49,20.72,0.4433,2.0501365600531605,False,,0.09033831699715435,28.49,0.9702970297029703,0.6831683168316832,0.4158415841584158,0.875,0.5643564356435643,0.7430693069306931,0.8,0.5,0.6200000000000001,0.6666666666666671,0.7,0.68,0.6925,0.8888888888888888,1.0,0.728413091309131,5.0
000966,000966.XSHE,power,801161,长源电力,108.4792,1.1654,160.8238,0.9257,1.79,-21.65,11.13,6.36,0.0708,4.757859552879743,False,,0.009218357067529995,11.13,0.45544554455445546,0.1188118811881188,0.7029702970297029,0.10227272727272728,0.1485148514851485,0.34762976297629766,0.8,0.5,0.6200000000000001,0.6666666666666671,0.7,0.68,0.6925,0.8888888888888888,1.0,0.43183343334333446,85.0
000993,000993.XSHE,power,801161,闽东电力,33.9289,2.6283,70.0208,15.395,3.06,15.68,62.4,40.5,0.1753,2.031434070176685,False,,0.029473398783927567,62.4,0.693069306930693,0.8514851485148515,0.39603960396039606,0.375,0.9603960396039604,0.6513201320132013,0.8,0.5,0.6200000000000001,0.6666666666666671,0.7,0.68,0.6925,0.8888888888888888,1.0,0.6596012101210121,14.0
001210,001210.XSHE,power,801161,金房能源,36.5361,2.1279,27.599,2.5134,-2.26,-22.72,-81.48,-161.71,-0.1916,-3.3359016600428926,False,,0.02737019003122939,-81.48,0.04950495049504951,0.09900990099009901,0.0594059405940594,0.32954545454545453,0.0297029702970297,0.1007050705070507,0.8,0.5,0.6200000000000001,0.6666666666666671,0.7,0.68,0.6925,0.8888888888888888,1.0,0.24663991399139923,99.0
001258,001258.XSHE,power,801161,立新能源,143.9915,2.5307,76.8133,2.568,4.16,20.43,62.11,36.8,0.1326,2.308292541112309,False,,0.006944854383765708,62.11,0.8712871287128713,0.8613861386138614,0.46534653465346537,0.056818181818181816,0.9504950495049505,0.6841434143414342,0.8,0.5,0.6200000000000001,0.6666666666666671,0.7,0.68,0.6925,0.8888888888888888,1.0,0.6842186718671869,12.0
001286,001286.XSHE,power,801161,陕西能源,13.2423,1.4809,387.75,2.1423,4.23,3.78,40.18,25.69,0.2889,1.6705935880637368,False,,0.07551558264047786,40.18,0.8811881188118812,0.6534653465346535,0.297029702970297,0.8181818181818182,0.801980198019802,0.68994899489949,0.8,0.5,0.6200000000000001,0.6666666666666671,0.7,0.68,0.6925,0.8888888888888888,1.0,0.6885728572857287,11.0
001289,001289.XSHE,power,801161,龙源电力,28.5206,1.9449,1476.3435,0.0904,1.35,-12.09,34.91,17.89,0.1218,7.756307057623242,False,,0.035062375966845014,34.91,0.33663366336633666,0.2376237623762376,0.8316831683168316,0.45454545454545453,0.693069306930693,0.44872487248724874,0.8,0.5,0.6200000000000001,0.6666666666666671,0.7,0.68,0.6925,0.8888888888888888,1.0,0.5076547654765478,69.0
001376,001376.XSHE,power,801161,百通能源,35.0008,5.2206,61.0692,7.9411,2.88,-5.36,33.0,14.55,0.0728,0.8403647392899369,False,,0.028570775525130855,33.0,0.6831683168316832,0.42574257425742573,0.16831683168316833,0.3409090909090909,0.6584158415841584,0.4642664266426643,0.8,0.5,0.6200000000000001,0.6666666666666671,0.7,0.68,0.6925,0.8888888888888888,1.0,0.5193109310931094,66.0
001896,001896.XSHE,power,801161,豫能控股,37.2417,2.7614,95.2088,3.1115,5.52,3.98,15.81,6.27,0.1209,7.825888628499867,False,,0.026851620629563096,15.81,0.9405940594059405,0.6732673267326733,0.8415841584158416,0.3181818181818182,0.26732673267326734,0.7216321632163217,0.8,0.5,0.6200000000000001,0.6666666666666671,0.7,0.68,0.6925,0.8888888888888888,1.0,0.7123352335233525,7.0
002015,002015.XSHE,power,801161,协鑫能科,28.1776,1.4736,181.8124,2.6188,1.99,-11.81,29.17,11.28,0.1496,5.070928044392316,False,,0.035489182897052975,29.17,0.5247524752475248,0.24752475247524752,0.7128712871287128,0.4772727272727273,0.5742574257425742,0.48541854185418537,0.8,0.5,0.6200000000000001,0.6666666666666671,0.7,0.68,0.6925,0.8888888888888888,1.0,0.5351750175017502,62.0
002039,002039.XSHE,power,801161,黔源电力,17.7946,1.8258,79.312,2.3139,8.74,116.77,69.78,50.79,0.8553,1.4715469913388015,False,,0.05619682375552134,69.78,0.9900990099009901,0.9801980198019802,0.25742574257425743,0.7386363636363636,0.9900990099009901,0.8073957395739574,0.8,0.5,0.6200000000000001,0.6666666666666671,0.7,0.68,0.6925,0.8888888888888888,1.0,0.7766579157915793,2.0
002053,002053.XSHE,power,801161,云南能投,34.0351,1.5302,113.3418,0.5662,-1.14,-55.01,5.36,-26.22,-0.0915,-7.67714483232831,False,,0.029381432697421193,5.36,0.0891089108910891,0.019801980198019802,0.0297029702970297,0.36363636363636365,0.06930693069306931,0.09402940294029405,0.8,0.5,0.6200000000000001,0.6666666666666671,0.7,0.68,0.6925,0.8888888888888888,1.0,0.24163316331633172,100.0
002060,002060.XSHE,power,801161,广东建工,13.7737,1.0813,149.0494,2.0492,1.52,-4.36,10.48,1.67,0.0554,3.4268679950882293,False,,0.07260213305066902,10.48,0.3910891089108911,0.43564356435643564,0.6138613861386139,0.8068181818181818,0.12871287128712872,0.4854635463546355,0.8,0.5,0.6200000000000001,0.6666666666666671,0.7,0.68,0.6925,0.8888888888888888,1.0,0.5352087708770878,61.0
002218,002218.XSHE,power,801161,拓日新能,-43.226000000000006,1.3756,55.8143,4.5437,-1.19,-21.9,7.3,-16.02,-0.0345,-7.467265939728415,False,,,7.3,0.07920792079207921,0.10891089108910891,0.039603960396039604,,0.09900990099009901,0.13663366336633664,0.8,0.5,0.6200000000000001,0.6666666666666671,0.7,0.68,0.6925,0.8888888888888888,1.0,0.27358635863586367,98.0
002256,002256.XSHE,power,801161,兆新股份,-150.9574,6.571000000000001,74.3741,6.5862,0.16,43.44,34.61,1.59,0.0009,23.127186975344145,False,,,34.61,0.1485148514851485,0.9306930693069307,0.9801980198019802,,0.6831683168316832,0.6059405940594059,0.8,0.5,0.6200000000000001,0.6666666666666671,0.7,0.68,0.6925,0.8888888888888888,1.0,0.6255665566556656,26.0
002479,002479.XSHE,power,801161,富春环保,20.337,1.0879,45.845,1.0888,1.36,2.28,18.33,6.16,0.0658,1.46598331625746,False,,0.04917146088410287,18.33,0.3465346534653465,0.6336633663366337,0.24752475247524752,0.625,0.33663366336633666,0.4397689768976898,0.8,0.5,0.6200000000000001,0.6666666666666671,0.7,0.68,0.6925,0.8888888888888888,1.0,0.5009378437843786,73.0
002480,002480.XSHE,power,801161,新筑股份,-27.5425,5.622999999999999,54.2264,6.5216,2.66,-35.82,29.64,9.58,0.033,5.37187080986325,False,,,29.64,0.6336633663366337,0.04950495049504951,0.7425742574257426,,0.6039603960396039,0.47986798679867987,0.8,0.5,0.6200000000000001,0.6666666666666671,0.7,0.68,0.6925,0.8888888888888888,1.0,0.5310121012101211,63.0
002608,002608.XSHE,power,801161,江苏国信,8.908999999999999,0.9045,315.8475,0.405,3.45,2.01,17.33,16.38,0.3171,0.892525244590346,False,,0.11224604332697274,17.33,0.7425742574257426,0.6237623762376238,0.18811881188118812,0.9886363636363636,0.31683168316831684,0.6044254425442545,0.8,0.5,0.6200000000000001,0.6666666666666671,0.7,0.68,0.6925,0.8888888888888888,1.0,0.624430193019302,27.0
002616,002616.XSHE,power,801161,长青集团,18.809,1.9441,55.5515,2.6768,2.76,-3.77,22.67,9.59,0.1083,8.539794426673328,False,,0.0531660375352225,22.67,0.6633663366336634,0.4752475247524752,0.8613861386138614,0.6704545454545454,0.4752475247524752,0.6412091209120913,0.8,0.5,0.6200000000000001,0.6666666666666671,0.7,0.68,0.6925,0.8888888888888888,1.0,0.6520179517951796,17.0
002617,002617.XSHE,power,801161,露笑科技,64.1416,2.7132,173.2628,6.0281,1.51,13.99,21.28,8.15,0.0499,-1.8785762734168483,False,,0.015590506005462914,21.28,0.37623762376237624,0.8316831683168316,0.0891089108910891,0.18181818181818182,0.42574257425742573,0.4176417641764177,0.8,0.5,0.6200000000000001,0.6666666666666671,0.7,0.68,0.6925,0.8888888888888888,1.0,0.4843424342434245,77.0
002893,002893.XSHE,power,801161,京能热力,38.2551,2.5773,31.3468,13.0437,-5.09,706.04,-79.83,-109.01,-0.2412,-1.9737755900050342,False,,0.02614030547560979,-79.83,0.0297029702970297,1.0,0.07920792079207921,0.29545454545454547,0.039603960396039604,0.33444344434443446,0.8,0.5,0.6200000000000001,0.6666666666666671,0.7,0.68,0.6925,0.8888888888888888,1.0,0.421943694369437,88.0
003035,003035.XSHE,power,801161,南网能源,146.4954,2.7767,193.5606,0.4919,1.86,7.38,35.16,14.51,0.034,4.563794826016427,False,,0.006826152903094569,35.16,0.4900990099009901,0.7623762376237624,0.6831683168316832,0.045454545454545456,0.7326732673267327,0.5582058205820581,0.8,0.5,0.6200000000000001,0.6666666666666671,0.7,0.68,0.6925,0.8888888888888888,1.0,0.5897654765476548,45.0
003816,003816.XSHE,power,801161,中国广核,22.0769,1.6833,2075.4929,0.2926,2.15,-10.21,30.81,19.74,0.052000000000000005,2.3355205306546125,False,,0.045296214595346274,30.81,0.5643564356435643,0.297029702970297,0.4752475247524752,0.5681818181818182,0.6237623762376238,0.47971797179717973,0.8,0.5,0.6200000000000001,0.6666666666666671,0.7,0.68,0.6925,0.8888888888888888,1.0,0.530899589958996,64.0
300040,300040.XSHE,power,801161,九洲集团,-7.9016,1.8038,45.4248,5.2771,0.01,12.77,26.72,1.22,0.0005,87.1289883966047,False,,,26.72,0.12871287128712872,0.8118811881188119,1.0,,0.5346534653465347,0.5617161716171618,0.8,0.5,0.6200000000000001,0.6666666666666671,0.7,0.68,0.6925,0.8888888888888888,1.0,0.5923982398239825,42.0
300317,300317.XSHE,power,801161,珈伟新能,-14.8749,2.3177,36.1132,4.3534,-1.68,-17.78,35.08,-31.86,-0.0317,-0.6538087815334137,False,,,35.08,0.0594059405940594,0.15841584158415842,0.12871287128712872,,0.7227722772277227,0.20264026402640264,0.8,0.5,0.6200000000000001,0.6666666666666671,0.7,0.68,0.6925,0.8888888888888888,1.0,0.32309130913091316,94.0
300335,300335.XSHE,power,801161,迪森股份,59.873000000000005,1.5601,30.2426,5.1937,0.83,-6.69,33.0,9.8,0.0337,1.5871622812251924,False,,0.01670201927413024,33.0,0.27722772277227725,0.38613861386138615,0.27722772277227725,0.20454545454545456,0.6584158415841584,0.321992199219922,0.8,0.5,0.6200000000000001,0.6666666666666671,0.7,0.68,0.6925,0.8888888888888888,1.0,0.41260526052605273,89.0
600011,600011.XSHG,power,801161,华能国际,8.9143,1.9419,1298.2323,0.5670000000000001,3.86,-7.09,20.59,11.7,0.3554,3.0894037538795254,False,,0.11217930740495607,20.59,0.8217821782178217,0.37623762376237624,0.5742574257425742,0.9772727272727273,0.38613861386138615,0.6451545154515451,0.8,0.5,0.6200000000000001,0.6666666666666671,0.7,0.68,0.6925,0.8888888888888888,1.0,0.65497699769977,16.0
600021,600021.XSHG,power,801161,上海电力,30.1062,3.7572,793.8816,3.9635,3.73,-6.15,26.57,15.27,0.4049,3.5199651588710696,False,,0.033215749579820764,26.57,0.7821782178217822,0.40594059405940597,0.6237623762376238,0.42045454545454547,0.5247524752475248,0.5847734773477348,0.8,0.5,0.6200000000000001,0.6666666666666671,0.7,0.68,0.6925,0.8888888888888888,1.0,0.6096912191219123,33.0
600023,600023.XSHG,power,801161,浙能电力,9.8621,0.9574,718.7081,0.3852,3.65,-10.67,16.38,13.66,0.2027,1.7029166053526752,False,,0.10139828231309762,16.38,0.7722772277227723,0.2871287128712871,0.31683168316831684,0.9204545454545454,0.297029702970297,0.5398889888988899,0.8,0.5,0.6200000000000001,0.6666666666666671,0.7,0.68,0.6925,0.8888888888888888,1.0,0.5760278527852787,54.0
600025,600025.XSHG,power,801161,华能水电,21.2259,2.6604,1827.7103,0.08900000000000001,3.76,1.92,61.82,40.09,0.1628,2.011917085851557,False,,0.047112254368483784,61.82,0.7920792079207921,0.6138613861386139,0.38613861386138615,0.6022727272727273,0.9405940594059405,0.647959795979598,0.8,0.5,0.6200000000000001,0.6666666666666671,0.7,0.68,0.6925,0.8888888888888888,1.0,0.6570809580958097,15.0
600027,600027.XSHG,power,801161,华电国际,9.7704,1.3214,643.2923,0.9412,3.77,13.56,14.46,9.29,0.2182,2.2513250687549804,False,,0.10234995496601981,14.46,0.801980198019802,0.8217821782178217,0.44554455445544555,0.9431818181818182,0.21782178217821782,0.7158565856585658,0.8,0.5,0.6200000000000001,0.6666666666666671,0.7,0.68,0.6925,0.8888888888888888,1.0,0.7080035503550356,8.0
600032,600032.XSHG,power,801161,浙江新能,37.3269,1.5452,200.06900000000002,0.7246,2.51,5.99,48.09,35.88,0.1337,5.163456518126392,False,,0.026790330833795464,48.09,0.6188118811881188,0.7128712871287128,0.7227722772277227,0.3068181818181818,0.8514851485148515,0.6385988598859885,0.8,0.5,0.6200000000000001,0.6666666666666671,0.7,0.68,0.6925,0.8888888888888888,1.0,0.6500602560256026,18.0
600052,600052.XSHG,power,801161,东望时代,-10.9469,1.5932,43.1384,7.2915,-0.02,75.79,0.39,-2.52,-0.0006,-5.638472121331842,False,,,0.39,0.1188118811881188,0.9702970297029703,0.04950495049504951,,0.0594059405940594,0.3788778877887789,0.8,0.5,0.6200000000000001,0.6666666666666671,0.7,0.68,0.6925,0.8888888888888888,1.0,0.4552695269526954,82.0
600098,600098.XSHG,power,801161,广州发展,11.0327,0.9242,254.1752,0.9003,1.92,11.42,8.91,4.02,0.1494,3.674816809656084,False,,0.09063964396747849,8.91,0.504950495049505,0.7920792079207921,0.6336633663366337,0.8863636363636364,0.10891089108910891,0.6317131713171317,0.8,0.5,0.6200000000000001,0.6666666666666671,0.7,0.68,0.6925,0.8888888888888888,1.0,0.64489598959896,21.0
600101,600101.XSHG,power,801161,明星电力,34.5962,1.8235,56.5942,5.0305,3.42,1.49,15.8,12.93,0.1905,1.346091426565077,False,,0.028904908631583813,15.8,0.7326732673267327,0.6039603960396039,0.22772277227722773,0.3522727272727273,0.25742574257425743,0.5149564956495649,0.8,0.5,0.6200000000000001,0.6666666666666671,0.7,0.68,0.6925,0.8888888888888888,1.0,0.5573284828482848,57.0
600116,600116.XSHG,power,801161,三峡水利,47.0732,1.1511,130.4081,0.6277,2.71,-5.99,16.33,11.17,0.1583,1.748501416767841,False,,0.02124351010766211,16.33,0.6485148514851485,0.4158415841584158,0.32673267326732675,0.25,0.2871287128712871,0.44488448844884493,0.8,0.5,0.6200000000000001,0.6666666666666671,0.7,0.68,0.6925,0.8888888888888888,1.0,0.5047744774477448,71.0
600149,600149.XSHG,power,801161,廊坊发展,138.4047,9.551,22.2774,3.6239,-1.32,-93.96,5.43,-40.51,-0.0081,0.9238094049719088,False,,0.0072251881619627084,5.43,0.06930693069306931,0.009900990099009901,0.19801980198019803,0.06818181818181818,0.07920792079207921,0.07971797179717972,0.8,0.5,0.6200000000000001,0.6666666666666671,0.7,0.68,0.6925,0.8888888888888888,1.0,0.23089958995899595,101.0
600163,600163.XSHG,power,801161,中闽能源,19.6626,1.6131,112.0865,4.5054,0.2,3.17,37.15,5.92,0.0071,78.11272883338843,False,,0.05085797402174687,37.15,0.16831683168316833,0.6435643564356436,0.9900990099009901,0.6477272727272727,0.7722772277227723,0.5635913591359136,0.8,0.5,0.6200000000000001,0.6666666666666671,0.7,0.68,0.6925,0.8888888888888888,1.0,0.5938046304630464,40.0
600167,600167.XSHG,power,801161,联美控股,26.3133,1.6845,182.6112,0.5066,0.17,-26.0,-10.38,6.82,0.0082,6.202728865257939,False,,0.03800359514010025,-10.38,0.15841584158415842,0.0891089108910891,0.7920792079207921,0.5,0.04950495049504951,0.30495049504950494,0.8,0.5,0.6200000000000001,0.6666666666666671,0.7,0.68,0.6925,0.8888888888888888,1.0,0.3998239823982399,91.0
600226,600226.XSHG,power,801161,亨通股份,65.0315,3.4323,124.0317,1.8428,1.72,27.84,7.04,13.91,0.0207,1.1510658586200437,False,,0.015377163374672275,7.04,0.44554455445544555,0.9108910891089109,0.2079207920792079,0.17045454545454544,0.0891089108910891,0.4616711671167117,0.8,0.5,0.6200000000000001,0.6666666666666671,0.7,0.68,0.6925,0.8888888888888888,1.0,0.517364486448645,68.0
600236,600236.XSHG,power,801161,桂冠电力,22.8518,3.2544,580.143,0.1234,6.19,26.05,63.69,44.07,0.1563,1.6909423625852635,False,,0.04376022895351788,63.69,0.9504950495049505,0.900990099009901,0.3069306930693069,0.5454545454545454,0.9702970297029703,0.755895589558956,0.8,0.5,0.6200000000000001,0.6666666666666671,0.7,0.68,0.6925,0.8888888888888888,1.0,0.7380328032803282,3.0
600310,600310.XSHG,power,801161,广西能源,-19.5335,1.9804,60.2407,1.4641,5.03,0.04,25.91,18.98,0.1017,3.953272840686135,False,,,25.91,0.900990099009901,0.5643564356435643,0.6435643564356436,,0.5148514851485149,0.6805280528052804,0.8,0.5,0.6200000000000001,0.6666666666666671,0.7,0.68,0.6925,0.8888888888888888,1.0,0.6815071507150715,13.0
600396,600396.XSHG,power,801161,华电辽能,76.8303,3.63,49.0411,1.942,-5.95,6.61,15.21,-1.77,-0.0562,-23.017348950015457,False,,0.013015698233639593,15.21,0.019801980198019802,0.7524752475247525,0.009900990099009901,0.14772727272727273,0.22772277227722773,0.24411941194119416,0.8,0.5,0.6200000000000001,0.6666666666666671,0.7,0.68,0.6925,0.8888888888888888,1.0,0.35420067006700684,92.0
600452,600452.XSHG,power,801161,涪陵电力,39.3402,2.8052,153.5005,1.444,2.37,-7.92,20.97,14.99,0.084,2.712536427362149,False,,0.025419291208483942,20.97,0.5841584158415841,0.3465346534653465,0.5544554455445545,0.2840909090909091,0.4158415841584158,0.4636213621362136,0.8,0.5,0.6200000000000001,0.6666666666666671,0.7,0.68,0.6925,0.8888888888888888,1.0,0.5188271327132714,67.0
600475,600475.XSHG,power,801161,华光环能,29.3383,1.9146,166.4336,2.2255,0.67,52.33,15.7,4.62,0.0615,5.567901738614613,False,,0.03408513785734006,15.7,0.24257425742574257,0.9405940594059405,0.7623762376237624,0.4318181818181818,0.24752475247524752,0.5582358235823582,0.8,0.5,0.6200000000000001,0.6666666666666671,0.7,0.68,0.6925,0.8888888888888888,1.0,0.5897879787978799,44.0
600483,600483.XSHG,power,801161,福能股份,9.7015,1.1123,291.9145,0.7239,2.51,-4.04,22.09,20.61,0.2346,2.627869784593922,False,,0.10307684378704325,22.09,0.6188118811881188,0.45544554455445546,0.5346534653465347,0.9545454545454546,0.44554455445544555,0.5916291629162916,0.8,0.5,0.6200000000000001,0.6666666666666671,0.7,0.68,0.6925,0.8888888888888888,1.0,0.6148329832983299,32.0
600505,600505.XSHG,power,801161,西昌电力,340.5816,4.3844,53.4821,3.9805,0.75,12.27,16.26,2.13,0.025,15.484291161283618,False,,0.002936153920235268,16.26,0.26732673267326734,0.801980198019802,0.9504950495049505,0.011363636363636364,0.27722772277227725,0.5130663066306631,0.8,0.5,0.6200000000000001,0.6666666666666671,0.7,0.68,0.6925,0.8888888888888888,1.0,0.5559108410841085,58.0
600509,600509.XSHG,power,801161,天富能源,93.2767,1.5451,120.1223,2.8955,0.91,-15.13,20.71,3.71,0.0513,5.9783429824909,False,,0.010720790937072172,20.71,0.2871287128712871,0.18811881188118812,0.7722772277227723,0.125,0.39603960396039606,0.3433993399339934,0.8,0.5,0.6200000000000001,0.6666666666666671,0.7,0.68,0.6925,0.8888888888888888,1.0,0.4286606160616062,86.0
600578,600578.XSHG,power,801161,京能电力,9.5188,1.3974,332.0532,0.6809,4.12,3.95,22.99,17.35,0.1824,2.3565818475053875,False,,0.10505525906626885,22.99,0.8613861386138614,0.6633663366336634,0.48514851485148514,0.9659090909090909,0.48514851485148514,0.7221872187218722,0.8,0.5,0.6200000000000001,0.6666666666666671,0.7,0.68,0.6925,0.8888888888888888,1.0,0.7127515251525154,6.0
600642,600642.XSHG,power,801161,申能股份,10.3829,1.1246,413.0603,0.317,3.09,-8.27,23.32,19.64,0.253,1.988398078762312,False,,0.0963122056458215,23.32,0.7029702970297029,0.32673267326732675,0.37623762376237624,0.9090909090909091,0.49504950495049505,0.5509150915091509,0.8,0.5,0.6200000000000001,0.6666666666666671,0.7,0.68,0.6925,0.8888888888888888,1.0,0.5842974297429744,48.0
600644,600644.XSHG,power,801161,乐山电力,258.6105,3.2826,69.3985,8.6529,3.12,6.18,23.34,8.42,0.1123,2.219000093128595,False,,0.0038668190193360285,23.34,0.7128712871287128,0.7227722772277227,0.43564356435643564,0.03409090909090909,0.504950495049505,0.5557005700570057,0.8,0.5,0.6200000000000001,0.6666666666666671,0.7,0.68,0.6925,0.8888888888888888,1.0,0.5878865386538654,46.0
600674,600674.XSHG,power,801161,川投能源,17.0443,1.6540000000000001,734.1158,0.3252,4.05,-11.3,57.68,420.04,0.3611,0.1413230841805217,False,,0.05867064062472498,57.68,0.8514851485148515,0.26732673267326734,0.13861386138613863,0.7613636363636364,0.9207920792079208,0.5457395739573958,0.8,0.5,0.6200000000000001,0.6666666666666671,0.7,0.68,0.6925,0.8888888888888888,1.0,0.580415791579158,53.0
600719,600719.XSHG,power,801161,大连热电,-18.4472,8.8993,26.2181,2.7662,-21.78,62.66,-5655.2,-8170.16,-0.1777,0.30815800217653333,False,,,-5655.2,0.009900990099009901,0.9603960396039604,0.1485148514851485,,0.009900990099009901,0.3564356435643565,0.8,0.5,0.6200000000000001,0.6666666666666671,0.7,0.68,0.6925,0.8888888888888888,1.0,0.43843784378437856,84.0
600726,600726.XSHG,power,801161,华电能源,-1092.8847,5.3261,219.0332,3.9886,-4.57,-12.16,10.85,-2.54,-0.0241,-0.6752182410137605,False,,,10.85,0.039603960396039604,0.22772277227722773,0.1188118811881188,,0.13861386138613863,0.1735973597359736,0.8,0.5,0.6200000000000001,0.6666666666666671,0.7,0.68,0.6925,0.8888888888888888,1.0,0.30130913091309136,96.0
600744,600744.XSHG,power,801161,华银电力,68.6184,10.1346,144.2098,8.35,8.06,-14.32,13.9,7.14,0.0739,6.875309284587444,False,,0.01457335058818043,13.9,0.9801980198019802,0.19801980198019803,0.8217821782178217,0.1590909090909091,0.18811881188118812,0.5776477647764777,0.8,0.5,0.6200000000000001,0.6666666666666671,0.7,0.68,0.6925,0.8888888888888888,1.0,0.6043469346934695,34.0
600780,600780.XSHG,power,801161,通宝能源,11.7273,0.8796,72.115,1.3471,2.12,0.98,10.3,6.56,0.1504,2.4747910405991016,False,,0.08527111952452825,10.3,0.5544554455445545,0.594059405940594,0.5148514851485149,0.8522727272727273,0.1188118811881188,0.5677617761776178,0.8,0.5,0.6200000000000001,0.6666666666666671,0.7,0.68,0.6925,0.8888888888888888,1.0,0.5969324432443246,36.0
600795,600795.XSHG,power,801161,国电电力,13.0816,1.5849,970.2577,0.3931,5.18,-1.01,17.54,11.19,0.1733,3.159276051320672,False,,0.07644324853228963,17.54,0.9108910891089109,0.5445544554455446,0.594059405940594,0.8295454545454546,0.32673267326732675,0.7000450045004502,0.8,0.5,0.6200000000000001,0.6666666666666671,0.7,0.68,0.6925,0.8888888888888888,1.0,0.6961448644864489,10.0
600821,600821.XSHG,power,801161,金开新能,18.8538,1.2046,116.4405,1.247,1.27,-2.94,53.53,14.2,0.061,12.261350099839145,False,,0.053039705523554935,53.53,0.32673267326732675,0.49504950495049505,0.9306930693069307,0.6590909090909091,0.900990099009901,0.575007500750075,0.8,0.5,0.6200000000000001,0.6666666666666671,0.7,0.68,0.6925,0.8888888888888888,1.0,0.6023667366736675,35.0
600863,600863.XSHG,power,801161,内蒙华电,14.675999999999998,1.7476,302.8476,1.1903,3.52,-10.13,21.84,17.12,0.0997,2.4396159615597406,False,,0.06813845734532571,21.84,0.7524752475247525,0.3069306930693069,0.504950495049505,0.7840909090909091,0.43564356435643564,0.5672517251725173,0.8,0.5,0.6200000000000001,0.6666666666666671,0.7,0.68,0.6925,0.8888888888888888,1.0,0.5965499049904992,37.0
600868,600868.XSHG,power,801161,梅雁吉祥,-51.2058,3.3110000000000004,64.1574,16.0145,-0.03,7.71,32.75,-12.21,-0.0003,-3.2577308721997915,False,,,32.75,0.10891089108910891,0.7722772277227723,0.06930693069306931,,0.6435643564356436,0.3656765676567657,0.8,0.5,0.6200000000000001,0.6666666666666671,0.7,0.68,0.6925,0.8888888888888888,1.0,0.4453685368536855,83.0
600886,600886.XSHG,power,801161,国投电力,17.8641,1.7743,1175.8602,0.2023,3.85,-13.98,46.56,32.74,0.3401,2.04855431343619,False,,0.055978190896826596,46.56,0.8118811881188119,0.2079207920792079,0.40594059405940597,0.7272727272727273,0.8415841584158416,0.5603360336033604,0.8,0.5,0.6200000000000001,0.6666666666666671,0.7,0.68,0.6925,0.8888888888888888,1.0,0.5913631363136315,43.0
600900,600900.XSHG,power,801161,长江电力,21.3714,3.1572,6980.7825,0.2055,7.08,-7.86,70.51,52.59,0.6186,1.237753449456383,False,,0.04679150640575722,70.51,0.9603960396039604,0.3564356435643564,0.21782178217821782,0.5909090909090909,1.0,0.6042004200420041,0.8,0.5,0.6200000000000001,0.6666666666666671,0.7,0.68,0.6925,0.8888888888888888,1.0,0.6242614261426143,28.0
600905,600905.XSHG,power,801161,三峡能源,23.108,1.381,1232.1277,0.3703,0.56,-2.33,38.29,8.75,0.0174,15.67976563073066,False,,0.043275056257573136,38.29,0.21782178217821782,0.504950495049505,0.9603960396039604,0.5340909090909091,0.7920792079207921,0.5233573357335733,0.8,0.5,0.6200000000000001,0.6666666666666671,0.7,0.68,0.6925,0.8888888888888888,1.0,0.5636291129112913,56.0
600930,600930.XSHG,power,801161,华电新能,30.8927,2.4763,2732.2857,4.2946,1.2,23.64,34.99,16.74,0.0351,9.544117711257751,False,,0.03237010685372272,34.99,0.3069306930693069,0.8811881188118812,0.8811881188118812,0.38636363636363635,0.7128712871287128,0.6125712571257126,0.8,0.5,0.6200000000000001,0.6666666666666671,0.7,0.68,0.6925,0.8888888888888888,1.0,0.6305395539553956,24.0
600956,600956.XSHG,power,801161,新天绿能,21.5018,1.6654,373.1997,0.7036,0.62,-3.03,12.01,3.08,0.0349,22.653440040200522,False,,0.04650773423620348,12.01,0.22772277227722773,0.48514851485148514,0.9702970297029703,0.5795454545454546,0.1782178217821782,0.4884938493849385,0.8,0.5,0.6200000000000001,0.6666666666666671,0.7,0.68,0.6925,0.8888888888888888,1.0,0.537481498149815,60.0
600969,600969.XSHG,power,801161,郴电国际,-194.16400000000002,0.8407,30.6032,2.5382,1.52,-18.92,11.23,5.88,0.1488,6.280165179356091,False,,,11.23,0.3910891089108911,0.13861386138613863,0.801980198019802,,0.16831683168316833,0.4056105610561056,0.8,0.5,0.6200000000000001,0.6666666666666671,0.7,0.68,0.6925,0.8888888888888888,1.0,0.47531903190319036,78.0
600979,600979.XSHG,power,801161,广安爱众,43.1326,1.3643,63.3352,2.0578,1.6,-17.86,29.23,10.65,0.0584,2.1270549881743226,False,,0.023184319980710646,29.23,0.42574257425742573,0.1485148514851485,0.42574257425742573,0.26136363636363635,0.5841584158415841,0.3404590459045904,0.8,0.5,0.6200000000000001,0.6666666666666671,0.7,0.68,0.6925,0.8888888888888888,1.0,0.426455395539554,87.0
600982,600982.XSHG,power,801161,宁波能源,16.8283,1.2590000000000001,55.4343,2.161,1.98,-15.84,20.52,14.47,0.0905,2.364454525628792,False,,0.0594237088713655,20.52,0.5148514851485149,0.1782178217821782,0.49504950495049505,0.7727272727272727,0.36633663366336633,0.44560456045604563,0.8,0.5,0.6200000000000001,0.6666666666666671,0.7,0.68,0.6925,0.8888888888888888,1.0,0.5053145314531454,70.0
600995,600995.XSHG,power,801161,南网储能,30.2597,2.0441,458.3072,1.67,2.71,25.59,58.43,36.1,0.188,1.7784309215305636,False,,0.03304725426887907,58.43,0.6485148514851485,0.8910891089108911,0.33663366336633666,0.4090909090909091,0.9306930693069307,0.6377137713771377,0.8,0.5,0.6200000000000001,0.6666666666666671,0.7,0.68,0.6925,0.8888888888888888,1.0,0.6493964396439644,20.0
601016,601016.XSHG,power,801161,节能风电,22.7641,1.1714,204.8041,1.219,0.67,-17.25,31.83,12.23,0.0186,14.641459871160079,False,,0.04392881774372807,31.83,0.24257425742574257,0.16831683168316833,0.9405940594059405,0.5568181818181818,0.6336633663366337,0.43034803480348033,0.8,0.5,0.6200000000000001,0.6666666666666671,0.7,0.68,0.6925,0.8888888888888888,1.0,0.4938721372137215,74.0
601222,601222.XSHG,power,801161,林洋能源,63.1228,0.8201,127.3185,1.1975,0.23,-29.96,29.36,2.25,0.017,11.344266497593265,False,,0.01584213628039314,29.36,0.1782178217821782,0.0594059405940594,0.900990099009901,0.19318181818181818,0.594059405940594,0.3208070807080708,0.8,0.5,0.6200000000000001,0.6666666666666671,0.7,0.68,0.6925,0.8888888888888888,1.0,0.41171642164216427,90.0
601619,601619.XSHG,power,801161,嘉泽新能,20.0915,1.6853,135.4385,3.4741,1.82,-4.23,52.07,24.59,0.0463,11.177915871456234,False,,0.04977229176517433,52.07,0.46534653465346537,0.44554455445544555,0.8910891089108911,0.6363636363636364,0.8811881188118812,0.5957395739573957,0.8,0.5,0.6200000000000001,0.6666666666666671,0.7,0.68,0.6925,0.8888888888888888,1.0,0.617915791579158,30.0
601778,601778.XSHG,power,801161,晶科科技,28.8625,0.8396,132.841,2.8728,1.45,-49.26,51.91,23.41,0.0652,5.491069380997531,False,,0.0346470333477696,51.91,0.3564356435643564,0.0297029702970297,0.7524752475247525,0.4431818181818182,0.8712871287128713,0.3944044404440444,0.8,0.5,0.6200000000000001,0.6666666666666671,0.7,0.68,0.6925,0.8888888888888888,1.0,0.4669144414441445,80.0
601908,601908.XSHG,power,801161,京运通,-9.1948,1.2317,108.4157,6.8712,-0.17,-10.72,14.44,-2.19,-0.0064,-21.717552791983596,False,,,14.44,0.09900990099009901,0.27722772277227725,0.019801980198019802,,0.2079207920792079,0.19141914191419143,0.8,0.5,0.6200000000000001,0.6666666666666671,0.7,0.68,0.6925,0.8888888888888888,1.0,0.31467546754675474,95.0
601985,601985.XSHG,power,801161,中国核电,23.8546,1.6195,1871.6882,0.5023,2.02,5.72,41.38,21.27,0.1136,2.626813979915464,False,,0.0419206358522046,41.38,0.5346534653465347,0.7029702970297029,0.5247524752475248,0.5227272727272727,0.8118811881188119,0.5944494449444946,0.8,0.5,0.6200000000000001,0.6666666666666671,0.7,0.68,0.6925,0.8888888888888888,1.0,0.6169481948194822,31.0
601991,601991.XSHG,power,801161,大唐发电,10.4705,2.0244,710.6577,1.0772,2.41,-1.6,20.94,10.43,0.1153,4.223878428715852,False,,0.09550642280693378,20.94,0.6039603960396039,0.5247524752475248,0.6633663366336634,0.8977272727272727,0.40594059405940597,0.6206870687068707,0.8,0.5,0.6200000000000001,0.6666666666666671,0.7,0.68,0.6925,0.8888888888888888,1.0,0.6366264126412643,22.0
603105,603105.XSHG,power,801161,芯能科技,28.2887,2.5702,54.8008,10.023,3.61,-1.79,65.64,36.2,0.1616,2.293981973314312,False,,0.0353498039853369,65.64,0.7623762376237624,0.5148514851485149,0.45544554455445546,0.4659090909090909,0.9801980198019802,0.60997599759976,0.8,0.5,0.6200000000000001,0.6666666666666671,0.7,0.68,0.6925,0.8888888888888888,1.0,0.6285931093109312,25.0
603693,603693.XSHG,power,801161,江苏新能,30.7743,1.6945,117.9423,0.4964,1.57,-7.32,45.78,27.72,0.1216,3.9776616129632685,False,,0.032494646506987974,45.78,0.4158415841584158,0.36633663366336633,0.6534653465346535,0.3977272727272727,0.8316831683168316,0.4754725472547255,0.8,0.5,0.6200000000000001,0.6666666666666671,0.7,0.68,0.6925,0.8888888888888888,1.0,0.5277155215521553,65.0
605011,605011.XSHG,power,801161,杭州热电,47.3365,3.6895,89.0222,0.9912,1.46,-13.88,11.18,5.69,0.0871,-1.2159641729201387,False,,0.021125347247895387,11.18,0.36633663366336633,0.21782178217821782,0.09900990099009901,0.23863636363636365,0.15841584158415842,0.24237923792379243,0.8,0.5,0.6200000000000001,0.6666666666666671,0.7,0.68,0.6925,0.8888888888888888,1.0,0.3528955395539555,93.0
605028,605028.XSHG,power,801161,世茂能源,26.609,3.2060000000000004,43.744,1.9391,4.04,-6.5,52.44,69.28,0.3374,0.8643376828025665,False,,0.03758126949528355,52.44,0.8415841584158416,0.39603960396039606,0.1782178217821782,0.48863636363636365,0.8910891089108911,0.5463396339633965,0.8,0.5,0.6200000000000001,0.6666666666666671,0.7,0.68,0.6925,0.8888888888888888,1.0,0.5808658365836585,51.0
605162,605162.XSHG,power,801161,新中港,26.061,3.0481,38.7759,2.9659,2.29,-20.08,38.03,18.31,0.075,1.9563816326709542,False,,0.03837151298875715,38.03,0.5742574257425742,0.12871287128712872,0.36633663366336633,0.5113636363636364,0.7821782178217822,0.4193369336933694,0.8,0.5,0.6200000000000001,0.6666666666666671,0.7,0.68,0.6925,0.8888888888888888,1.0,0.48561381138113824,76.0
605580,605580.XSHG,power,801161,恒盛能源,93.5709,11.7967,113.82,3.8371,2.83,14.5,27.66,10.3,0.0963,2.7711874202663593,False,,0.01068708327054672,27.66,0.6732673267326733,0.8415841584158416,0.5643564356435643,0.11363636363636363,0.5544554455445545,0.6138313831383139,0.8,0.5,0.6200000000000001,0.6666666666666671,0.7,0.68,0.6925,0.8888888888888888,1.0,0.6314846484648466,23.0
000848,000848.XSHE,dairy,801127,承德露露,15.0184,2.6931,94.7299,2.2496,3.63,8.91,44.73,21.9,0.11900000000000001,2.131592457195014,False,,0.06658498908006179,44.73,0.8461538461538461,0.8461538461538461,0.5769230769230769,0.9545454545454546,0.9615384615384616,0.8144522144522144,0.6,0.5,0.54,0.4000000000000002,0.4,0.72,0.52,0.2755555555555556,1.0,0.6928836052836053,2.0
001318,001318.XSHE,dairy,801127,阳光乳业,36.4002,2.9404,42.398999999999994,5.1224,1.93,-8.77,40.03,22.71,0.0976,1.4089094449480017,False,,0.027472376525403706,40.03,0.6923076923076923,0.2692307692307692,0.4230769230769231,0.5909090909090909,0.8461538461538461,0.5223776223776223,0.6,0.5,0.54,0.4000000000000002,0.4,0.72,0.52,0.2755555555555556,1.0,0.4738276612276612,15.0
002329,002329.XSHE,dairy,801127,皇氏集团,-4.3991,3.5210000000000004,31.4649,4.269,-4.79,-12.74,18.1,-11.9,-0.0522,-0.8307788237491713,False,,,18.1,0.038461538461538464,0.19230769230769232,0.2692307692307692,,0.23076923076923078,0.20000000000000004,0.6,0.5,0.54,0.4000000000000002,0.4,0.72,0.52,0.2755555555555556,1.0,0.2320444444444445,25.0
002570,002570.XSHE,dairy,801127,贝因美,52.6478,4.2069,72.3629,15.5473,1.9,1.17,44.57,5.02,0.0299,0.647785285820362,False,,0.018994146004201507,44.57,0.6538461538461539,0.6923076923076923,0.34615384615384615,0.4090909090909091,0.9230769230769231,0.5878787878787879,0.6,0.5,0.54,0.4000000000000002,0.4,0.72,0.52,0.2755555555555556,1.0,0.5229535353535354,12.0
002732,002732.XSHE,dairy,801127,燕塘乳业,37.6548,1.8753,28.2129,2.5966,1.23,-8.21,23.99,4.47,0.1168,2.955282165496181,False,,0.026557039208812687,23.99,0.5384615384615384,0.38461538461538464,0.7307692307692307,0.5454545454545454,0.38461538461538464,0.5265734265734265,0.6,0.5,0.54,0.4000000000000002,0.4,0.72,0.52,0.2755555555555556,1.0,0.4769745143745143,14.0
002910,002910.XSHE,dairy,801127,庄园牧场,-24.3132,2.2433,23.4061,10.2178,-1.97,-6.52,18.96,-9.97,-0.1062,-2.8181430986737177,False,,,18.96,0.07692307692307693,0.4230769230769231,0.11538461538461539,,0.34615384615384615,0.2512820512820513,0.6,0.5,0.54,0.4000000000000002,0.4,0.72,0.52,0.2755555555555556,1.0,0.27050598290598293,22.0
002946,002946.XSHE,dairy,801127,新乳业,22.4686,4.3068,154.3194,1.6591,6.51,4.42,28.43,7.99,0.263,1.8215137440135927,False,,0.04450655581567165,28.43,0.9615384615384616,0.7307692307692307,0.46153846153846156,0.7727272727272727,0.5769230769230769,0.7491841491841492,0.6,0.5,0.54,0.4000000000000002,0.4,0.72,0.52,0.2755555555555556,1.0,0.6439325563325564,4.0
300106,300106.XSHE,dairy,801127,西部牧业,-22.0467,6.5071,25.1063,9.4801,1.82,8.46,11.9,4.52,0.0328,7.696330968485616,False,,,11.9,0.6153846153846154,0.7692307692307693,0.8461538461538461,,0.038461538461538464,0.6487179487179487,0.6,0.5,0.54,0.4000000000000002,0.4,0.72,0.52,0.2755555555555556,1.0,0.5685829059829061,9.0
300892,300892.XSHE,dairy,801127,品渥食品,147.5709,3.4937,36.7,16.975,-0.12,-5.95,15.44,-0.59,-0.013000000000000001,-11.760351134258851,False,,0.00677640374897761,15.44,0.2692307692307692,0.46153846153846156,0.038461538461538464,0.2727272727272727,0.19230769230769232,0.2696969696969697,0.6,0.5,0.54,0.4000000000000002,0.4,0.72,0.52,0.2755555555555556,1.0,0.28431717171717175,21.0
300898,300898.XSHE,dairy,801127,熊猫乳品,36.289,3.5580000000000003,34.8812,8.9619,3.15,11.92,26.16,12.7,0.2449,1.946881094432433,False,,0.02755655983906969,26.16,0.7307692307692307,0.9230769230769231,0.5,0.6363636363636364,0.4230769230769231,0.7027972027972029,0.6,0.5,0.54,0.4000000000000002,0.4,0.72,0.52,0.2755555555555556,1.0,0.6091423465423467,6.0
300915,300915.XSHE,dairy,801127,海融科技,414.2006,2.0982,32.2652,2.654,-1.21,-11.42,18.62,-8.53,-0.1484,0.3279791999988054,False,,0.002414289114984382,18.62,0.15384615384615385,0.23076923076923078,0.3076923076923077,0.09090909090909091,0.2692307692307692,0.20442890442890446,0.6,0.5,0.54,0.4000000000000002,0.4,0.72,0.52,0.2755555555555556,1.0,0.23536612276612282,24.0
300997,300997.XSHE,dairy,801127,欢乐家,128.9784,9.4128,95.6317,7.0947,-0.79,-25.47,28.38,-2.73,-0.0183,-5.358822643334357,False,,0.00775323620079021,28.38,0.19230769230769232,0.038461538461538464,0.07692307692307693,0.3181818181818182,0.5384615384615384,0.16806526806526811,0.6,0.5,0.54,0.4000000000000002,0.4,0.72,0.52,0.2755555555555556,1.0,0.20809339549339556,26.0
600189,600189.XSHG,dairy,801127,泉阳泉,570.8499,4.3401,53.6398,2.3758,0.1,13.2,34.4,2.94,0.0017,8.937753105339887,False,,0.0017517739777128801,34.4,0.3076923076923077,0.9615384615384616,0.8846153846153846,0.045454545454545456,0.7307692307692307,0.5906759906759906,0.6,0.5,0.54,0.4000000000000002,0.4,0.72,0.52,0.2755555555555556,1.0,0.5250514374514375,11.0
600300,600300.XSHG,dairy,801127,维维股份,14.7626,1.7039,59.996,4.5443,3.49,-8.31,32.88,13.83,0.0748,2.481334097833908,False,,0.06773874520748377,32.88,0.8076923076923077,0.34615384615384615,0.6923076923076923,1.0,0.6538461538461539,0.6769230769230768,0.6,0.5,0.54,0.4000000000000002,0.4,0.72,0.52,0.2755555555555556,1.0,0.5897367521367521,7.0
600419,600419.XSHG,dairy,801127,天润乳业,301.2931,1.3668,32.4661,5.1181,0.47,-4.84,14.72,0.64,0.0356,42.48385125749097,False,,0.0033190272196741313,14.72,0.40384615384615385,0.5,1.0,0.13636363636363635,0.11538461538461539,0.49382284382284375,0.6,0.5,0.54,0.4000000000000002,0.4,0.72,0.52,0.2755555555555556,1.0,0.4524115773115772,16.0
600429,600429.XSHG,dairy,801127,三元股份,44.2006,1.5686,82.1643,3.215,1.02,-0.29,18.66,3.05,0.0352,2.366570734548357,False,,0.022624127274290393,18.66,0.5,0.6153846153846154,0.6538461538461539,0.45454545454545453,0.3076923076923077,0.5426573426573427,0.6,0.5,0.54,0.4000000000000002,0.4,0.72,0.52,0.2755555555555556,1.0,0.4890374514374515,13.0
600597,600597.XSHG,dairy,801127,光明乳业,16.9699,1.2443,117.5838,1.4652,-1.34,1.04,15.04,-2.96,-0.0943,-2.7424973750916286,False,,0.058927866398741306,15.04,0.11538461538461539,0.6538461538461539,0.15384615384615385,0.9090909090909091,0.15384615384615385,0.3750582750582751,0.6,0.5,0.54,0.4000000000000002,0.4,0.72,0.52,0.2755555555555556,1.0,0.3633381507381508,20.0
600882,600882.XSHG,dairy,801127,妙可蓝多,66.7381,2.9530000000000003,136.4904,2.9816,0.94,-16.85,28.18,3.09,0.0842,5.800771553903635,False,,0.014983944703250467,28.18,0.46153846153846156,0.11538461538461539,0.8076923076923077,0.36363636363636365,0.5,0.42797202797202805,0.6,0.5,0.54,0.4000000000000002,0.4,0.72,0.52,0.2755555555555556,1.0,0.40302346542346545,19.0
600887,600887.XSHG,dairy,801127,伊利股份,22.323,3.1756,1788.1795,1.8685,5.89,-1.63,33.92,11.15,0.51,2.0208578527299785,False,,0.044796846302020334,33.92,0.9230769230769231,0.5769230769230769,0.5384615384615384,0.8181818181818182,0.6923076923076923,0.7244755244755244,0.6,0.5,0.54,0.4000000000000002,0.4,0.72,0.52,0.2755555555555556,1.0,0.6254010878010878,5.0
603156,603156.XSHG,dairy,801127,养元饮品,21.7655,3.9034,350.8613,0.7378,4.16,11.88,42.72,26.06,0.2977,-1.4440098138890365,False,,0.045944269600974016,42.72,0.8846153846153846,0.8846153846153846,0.23076923076923078,0.8636363636363636,0.8846153846153846,0.7510489510489511,0.6,0.5,0.54,0.4000000000000002,0.4,0.72,0.52,0.2755555555555556,1.0,0.6453311577311578,3.0
603711,603711.XSHG,dairy,801127,香飘飘,39.7766,1.7614,58.174,1.6826,0.24,-14.53,38.58,1.24,0.0198,28.863296603113156,False,,0.0251404091852999,38.58,0.34615384615384615,0.15384615384615385,0.9615384615384616,0.5,0.8076923076923077,0.4692307692307692,0.6,0.5,0.54,0.4000000000000002,0.4,0.72,0.52,0.2755555555555556,1.0,0.43396752136752137,17.0
605179,605179.XSHG,dairy,801127,一鸣食品,237.7092,8.1121,91.3879,3.904,1.26,8.52,29.16,1.91,0.0354,11.27191567099015,False,,0.004206820770925147,29.16,0.5769230769230769,0.8076923076923077,0.9230769230769231,0.18181818181818182,0.6153846153846154,0.6575757575757576,0.6,0.5,0.54,0.4000000000000002,0.4,0.72,0.52,0.2755555555555556,1.0,0.5752262626262626,8.0
605300,605300.XSHG,dairy,801127,佳禾食品,203.6924,1.9407,55.5729,1.3449,0.47,-3.87,12.92,2.42,0.0299,2.278550080455866,False,,0.0049093633341253775,12.92,0.40384615384615385,0.5384615384615384,0.6153846153846154,0.22727272727272727,0.07692307692307693,0.43671328671328674,0.6,0.5,0.54,0.4000000000000002,0.4,0.72,0.52,0.2755555555555556,1.0,0.4095794094794095,18.0
605337,605337.XSHG,dairy,801127,李子园,23.5174,3.215,50.4402,2.8956,3.2,-8.46,38.46,14.7,0.1328,4.554525892829638,False,,0.04252170733159278,38.46,0.7692307692307693,0.3076923076923077,0.7692307692307693,0.7272727272727273,0.7692307692307693,0.6405594405594406,0.6,0.5,0.54,0.4000000000000002,0.4,0.72,0.52,0.2755555555555556,1.0,0.5624640248640249,10.0
605388,605388.XSHG,dairy,801127,均瑶健康,-57.075,2.6915,46.1772,2.0485,-0.57,-21.91,27.99,-4.33,-0.0164,-2.520876876735418,False,,,27.99,0.23076923076923078,0.07692307692307693,0.19230769230769232,,0.46153846153846156,0.23333333333333336,0.6,0.5,0.54,0.4000000000000002,0.4,0.72,0.52,0.2755555555555556,1.0,0.2570444444444445,23.0
605499,605499.XSHG,dairy,801127,东鹏饮料,32.8718,16.3648,1439.864,0.3614,15.81,30.36,45.21,22.68,2.6656,1.0049628058504936,False,,0.030421212102775024,45.21,1.0,1.0,0.38461538461538464,0.6818181818181818,1.0,0.8344988344988344,0.6,0.5,0.54,0.4000000000000002,0.4,0.72,0.52,0.2755555555555556,1.0,0.7079185703185703,1.0
002141,002141.XSHE,pet,801018,贤丰控股,-55.1317,4.7934,39.8713,1.6629,0.25,1768.94,6.37,0.37,0.002,53.04426300371621,False,,,6.37,0.3,1.0,1.0,,0.1,0.64,0.8,0.5,0.6200000000000001,0.6666666666666671,0.4,0.68,0.505,0.2222222222222222,1.0,0.5977777777777779,4.0
002688,002688.XSHE,pet,801018,金河生物,38.9791,2.0822,48.9216,2.0546,0.05,9.2,32.26,-0.49,0.0015,-72.51108913536908,False,,0.025654773968613948,32.26,0.1,0.6,0.1,0.25,0.3,0.2666666666666666,0.8,0.5,0.6200000000000001,0.6666666666666671,0.4,0.68,0.505,0.2222222222222222,1.0,0.3177777777777778,10.0
300119,300119.XSHE,pet,801018,瑞普生物,23.2791,2.0636,96.4366,1.7561,2.29,29.17,41.86,14.19,0.2276,0.593850068300857,False,,0.042956987168747934,41.86,0.7,0.9,0.3,0.75,0.5,0.6666666666666666,0.8,0.5,0.6200000000000001,0.6666666666666671,0.4,0.68,0.505,0.2222222222222222,1.0,0.6177777777777779,3.0
300871,300871.XSHE,pet,801018,回盛生物,20.7208,2.117,44.6346,3.2702,3.39,22.76,32.77,16.22,0.3495,0.8128451518042858,False,,0.04826068491564032,32.77,1.0,0.8,0.4,0.875,0.4,0.77,0.8,0.5,0.6200000000000001,0.6666666666666671,0.4,0.68,0.505,0.2222222222222222,1.0,0.6952777777777779,1.0
600195,600195.XSHG,pet,801018,中牧股份,37.6672,1.4128,80.7728,1.5971,2.54,-2.9,16.85,8.55,0.1406,1.945673350552491,False,,0.026548296661286212,16.85,0.8,0.5,0.8,0.375,0.2,0.6233333333333334,0.8,0.5,0.6200000000000001,0.6666666666666671,0.4,0.68,0.505,0.2222222222222222,1.0,0.5852777777777779,5.0
600201,600201.XSHG,pet,801018,生物股份,115.8564,2.1345,116.7335,2.1286,1.86,17.76,56.28,23.77,0.0907,1.0214739140115676,False,,0.008631374701786005,56.28,0.6,0.7,0.5,0.125,0.6,0.5433333333333333,0.8,0.5,0.6200000000000001,0.6666666666666671,0.4,0.68,0.505,0.2222222222222222,1.0,0.5252777777777778,7.0
603566,603566.XSHG,pet,801018,普莱柯,34.3245,1.9128,49.3139,1.1002,1.58,-5.39,61.92,15.54,0.1183,2.016884214411002,False,,0.029133709158181472,61.92,0.5,0.3,0.9,0.5,0.8,0.5466666666666667,0.8,0.5,0.6200000000000001,0.6666666666666671,0.4,0.68,0.505,0.2222222222222222,1.0,0.5277777777777779,6.0
603718,603718.XSHG,pet,801018,海利生物,26.901999999999997,3.005,46.0931,1.4219,0.13,-40.2,65.85,14.12,0.0032,-0.23904353880566498,False,,0.037171957475280654,65.85,0.2,0.1,0.2,0.625,0.9,0.27666666666666667,0.8,0.5,0.6200000000000001,0.6666666666666671,0.4,0.68,0.505,0.2222222222222222,1.0,0.3252777777777779,9.0
688098,688098.XSHG,pet,801018,申联生物,-144.5638,3.1106,43.8568,1.1176,0.94,-4.89,60.23,10.36,0.032,1.7706996410467242,False,,,60.23,0.4,0.4,0.7,,0.7,0.49333333333333335,0.8,0.5,0.6200000000000001,0.6666666666666671,0.4,0.68,0.505,0.2222222222222222,1.0,0.48777777777777787,8.0
688526,688526.XSHG,pet,801018,科前生物,16.5438,1.8223,76.0255,0.8643,2.87,-5.44,66.33,46.82,0.2529,1.20507743390674,False,,0.060445605000060444,66.33,0.9,0.2,0.6,1.0,1.0,0.6733333333333333,0.8,0.5,0.6200000000000001,0.6666666666666671,0.4,0.68,0.505,0.2222222222222222,1.0,0.6227777777777779,2.0
000009,000009.XSHE,energy_storage,801737,中国宝安,411.7036,2.8791,290.1616,2.0714,0.39,29.68,24.42,7.97,0.0153,0.48549616228194453,False,,0.0024289318820627267,24.42,0.3956043956043956,0.6333333333333333,0.4065934065934066,0.09433962264150944,0.8351648351648352,0.4503319741055591,0.8,0.5,0.6200000000000001,0.6666666666666671,0.75,0.68,0.72375,1.0,1.0,0.5177489805791693,57.0
000049,000049.XSHE,energy_storage,801737,德赛电池,25.9269,1.6246,108.2373,3.0765,1.94,5.22,8.57,2.08,0.33299999999999996,0.7030222287364233,False,,0.03856997944220096,8.57,0.6758241758241759,0.23333333333333334,0.45054945054945056,0.9433962264150944,0.25274725274725274,0.520242817978667,0.8,0.5,0.6200000000000001,0.6666666666666671,0.75,0.68,0.72375,1.0,1.0,0.5701821134840003,48.0
000695,000695.XSHE,energy_storage,801737,滨海能源,-34.8989,25.5881,27.7018,5.0167,-10.8,14.0,1.5,-8.95,-0.0555,4.483811815250438,False,,,1.5,0.02197802197802198,0.3888888888888889,0.8791208791208791,,0.07692307692307693,0.3586487586487586,0.8,0.5,0.6200000000000001,0.6666666666666671,0.75,0.68,0.72375,1.0,1.0,0.448986568986569,77.0
001283,001283.XSHE,energy_storage,801737,豪鹏科技,38.5329,2.1076,72.7785,3.9472,2.69,10.95,20.85,4.82,0.7849,3.684481092341761,False,,0.025951848939477693,20.85,0.7802197802197802,0.32222222222222224,0.8241758241758241,0.6981132075471698,0.7142857142857143,0.6515351594596878,0.8,0.5,0.6200000000000001,0.6666666666666671,0.75,0.68,0.72375,1.0,1.0,0.6686513695947659,18.0
001301,001301.XSHE,energy_storage,801737,尚太科技,26.9421,3.8714,261.7934,4.6701,3.49,38.73,17.33,10.95,0.8893,-0.15798693221099178,False,,0.03711663159144981,17.33,0.9120879120879121,0.7555555555555555,0.27472527472527475,0.9056603773584906,0.6043956043956044,0.7215035977300128,0.8,0.5,0.6200000000000001,0.6666666666666671,0.75,0.68,0.72375,1.0,1.0,0.7211276982975097,7.0
002074,002074.XSHE,energy_storage,801737,国轩高科,23.5841,2.7588,784.803,3.6806,7.92,20.68,17.58,20.87,1.1946,0.0627080026301098,False,,0.04240144843347849,17.58,0.989010989010989,0.5,0.32967032967032966,0.9622641509433962,0.6263736263736264,0.6989978574884236,0.8,0.5,0.6200000000000001,0.6666666666666671,0.75,0.68,0.72375,1.0,1.0,0.7042483931163177,9.0
002079,002079.XSHE,energy_storage,801737,苏州固锝,88.5763,2.7818,85.7521,3.4291,0.61,-36.33,9.77,1.88,0.0232,3.6972722278906613,False,,0.011289701647054572,9.77,0.46153846153846156,0.05555555555555555,0.8351648351648352,0.3018867924528302,0.27472527472527475,0.394260526335998,0.8,0.5,0.6200000000000001,0.6666666666666671,0.75,0.68,0.72375,1.0,1.0,0.47569539475199857,68.0
002125,002125.XSHE,energy_storage,801737,湘潭电化,43.1184,3.2243,98.38799999999999,8.7106,1.02,-4.2,16.62,5.45,0.05,3.9321958718265737,False,,0.023191955174589038,16.62,0.5384615384615384,0.15555555555555556,0.8681318681318682,0.660377358490566,0.5274725274725275,0.5178101842252786,0.8,0.5,0.6200000000000001,0.6666666666666671,0.75,0.68,0.72375,1.0,1.0,0.568357638168959,49.0
002245,002245.XSHE,energy_storage,801737,蔚蓝锂芯,28.8327,2.8002,207.3398,4.1519,2.46,17.72,18.04,9.48,0.156,1.5530892274633488,False,,0.03468284274452271,18.04,0.7362637362637363,0.43333333333333335,0.5824175824175825,0.8679245283018868,0.6483516483516484,0.6364070311240123,0.8,0.5,0.6200000000000001,0.6666666666666671,0.75,0.68,0.72375,1.0,1.0,0.6573052733430093,21.0
002340,002340.XSHE,energy_storage,801737,格林美,35.0468,2.0806,429.4163,3.6842,1.52,31.89,13.01,4.73,0.0604,1.7090842330537046,False,,0.028533275505894976,13.01,0.6153846153846154,0.6666666666666666,0.6373626373626373,0.7735849056603774,0.38461538461538464,0.6391641901075863,0.8,0.5,0.6200000000000001,0.6666666666666671,0.75,0.68,0.72375,1.0,1.0,0.6593731425806898,20.0
002580,002580.XSHE,energy_storage,801737,圣阳股份,32.3012,2.7637,64.3132,3.9325,1.33,7.97,17.42,1.83,0.0675,2.518943096686006,False,,0.030958602157195397,17.42,0.6043956043956044,0.2777777777777778,0.7362637362637363,0.8113207547169812,0.6153846153846154,0.5719937644465946,0.8,0.5,0.6200000000000001,0.6666666666666671,0.75,0.68,0.72375,1.0,1.0,0.608995323334946,35.0
002709,002709.XSHE,energy_storage,801737,天赐材料,152.1029,6.565,861.2691,17.8493,1.16,11.75,16.79,3.99,0.0798,-0.03800938896979344,False,,0.006574496607231026,16.79,0.5714285714285714,0.34444444444444444,0.31868131868131866,0.20754716981132076,0.5494505494505495,0.4103672986691855,0.8,0.5,0.6200000000000001,0.6666666666666671,0.75,0.68,0.72375,1.0,1.0,0.4877754740018892,65.0
002733,002733.XSHE,energy_storage,801737,雄韬股份,104.4994,3.2231,88.5615,8.4225,0.6,-25.83,16.18,2.1,0.0424,4.5668562267401684,False,,0.009569432934543166,16.18,0.45054945054945056,0.07777777777777778,0.8901098901098901,0.24528301886792453,0.4945054945054945,0.4146173044286252,0.8,0.5,0.6200000000000001,0.6666666666666671,0.75,0.68,0.72375,1.0,1.0,0.490962978321469,64.0
002759,002759.XSHE,energy_storage,801737,天际股份,-15.6732,6.4505,199.6506,18.264,-1.58,29.19,4.93,-8.44,-0.098,3.8979975218003626,False,,,4.93,0.18681318681318682,0.6222222222222222,0.8571428571428571,,0.16483516483516483,0.47728123728123734,0.8,0.5,0.6200000000000001,0.6666666666666671,0.75,0.68,0.72375,1.0,1.0,0.537960927960928,55.0
002805,002805.XSHE,energy_storage,801737,丰元股份,-8.2566,5.0768,50.1312,26.2956,-10.68,17.32,-11.19,-27.69,-0.4681,-0.059645594213991425,False,,,-11.19,0.03296703296703297,0.4222222222222222,0.3076923076923077,,0.03296703296703297,0.25398453398453397,0.8,0.5,0.6200000000000001,0.6666666666666671,0.75,0.68,0.72375,1.0,1.0,0.37048840048840054,83.0
002812,002812.XSHE,energy_storage,801737,恩捷股份,-48.9509,2.1501,531.6758,11.2551,0.03,40.98,16.46,0.49,0.006999999999999999,35.94400313813012,False,,,16.46,0.27472527472527475,0.7777777777777778,0.9560439560439561,,0.5164835164835165,0.5912901912901913,0.8,0.5,0.6200000000000001,0.6666666666666671,0.75,0.68,0.72375,1.0,1.0,0.6234676434676435,32.0
002850,002850.XSHE,energy_storage,801737,科达利,26.6896,3.502,437.6802,3.5818,3.33,25.81,23.65,10.42,1.518,1.2022389724441636,False,,0.037467777711168396,23.65,0.8791208791208791,0.5555555555555556,0.5384615384615384,0.9245283018867925,0.8021978021978022,0.7256310426121746,0.8,0.5,0.6200000000000001,0.6666666666666671,0.75,0.68,0.72375,1.0,1.0,0.724223281959131,5.0
300014,300014.XSHE,energy_storage,801737,亿纬锂能,46.3282,4.3348,1715.3570000000002,4.3173,3.08,35.85,13.66,7.33,0.5917,2.0521655522092637,False,,0.021585125258481875,13.66,0.8571428571428571,0.7333333333333333,0.6923076923076923,0.6226415094339622,0.4175824175824176,0.7305890754947358,0.8,0.5,0.6200000000000001,0.6666666666666671,0.75,0.68,0.72375,1.0,1.0,0.7279418066210519,4.0
300035,300035.XSHE,energy_storage,801737,中科电气,34.2321,3.6381,178.4166,12.1379,2.68,41.44,14.02,6.75,0.1889,-3.2580913691891693,False,,0.029212347475030744,14.02,0.7692307692307693,0.7888888888888889,0.10989010989010989,0.7924528301886793,0.42857142857142855,0.622990454688568,0.8,0.5,0.6200000000000001,0.6666666666666671,0.75,0.68,0.72375,1.0,1.0,0.647242841016426,24.0
300037,300037.XSHE,energy_storage,801737,新宙邦,40.6105,4.0059,401.4844,7.3073,2.61,13.6,23.53,11.52,0.3533,1.2952816519412302,False,,0.024624173551175188,23.53,0.7582417582417582,0.36666666666666664,0.5494505494505495,0.6792452830188679,0.7912087912087912,0.6037284308982422,0.8,0.5,0.6200000000000001,0.6666666666666671,0.75,0.68,0.72375,1.0,1.0,0.6327963231736817,28.0
300068,300068.XSHE,energy_storage,801737,南都电源,-9.1162,4.6571,179.0446,6.9605,0.32,-6.22,13.2,0.31,0.0136,43.76994109705093,False,,,13.2,0.35714285714285715,0.14444444444444443,0.967032967032967,,0.3956043956043956,0.444013024013024,0.8,0.5,0.6200000000000001,0.6666666666666671,0.75,0.68,0.72375,1.0,1.0,0.513009768009768,59.0
300073,300073.XSHE,energy_storage,801737,当升科技,70.2093,2.4603,358.3085,6.6557,1.32,49.54,12.05,6.78,0.3521,1.688129022164017,False,,0.014243127334982687,12.05,0.5934065934065934,0.8333333333333334,0.6153846153846154,0.4528301886792453,0.31868131868131866,0.6247241228373304,0.8,0.5,0.6200000000000001,0.6666666666666671,0.75,0.68,0.72375,1.0,1.0,0.6485430921279978,23.0
300128,300128.XSHE,energy_storage,801737,锦富技术,-37.0787,15.3634,101.5908,5.1085,-7.26,40.44,5.11,-10.4,-0.0385,2.542573200071168,False,,,5.11,0.04395604395604396,0.7666666666666667,0.7472527472527473,,0.17582417582417584,0.44693528693528695,0.8,0.5,0.6200000000000001,0.6666666666666671,0.75,0.68,0.72375,1.0,1.0,0.5152014652014653,58.0
300207,300207.XSHE,energy_storage,801737,欣旺达,37.7734,2.515,627.5830000000001,5.9461,2.23,15.24,18.54,3.1,0.2975,2.69935902366637,False,,0.026473656064849867,18.54,0.7142857142857143,0.4,0.7582417582417582,0.7358490566037735,0.6923076923076923,0.6406773101112723,0.8,0.5,0.6200000000000001,0.6666666666666671,0.75,0.68,0.72375,1.0,1.0,0.6605079825834542,19.0
300340,300340.XSHE,energy_storage,801737,科恒股份,-18.8293,-48.4297,40.8046,5.0975,62.78,28.8,6.51,-6.82,-0.1459,-0.8504895682982563,False,,,6.51,1.0,0.6,0.23076923076923078,,0.22527472527472528,0.6211721611721611,0.8,0.5,0.6200000000000001,0.6666666666666671,0.75,0.68,0.72375,1.0,1.0,0.6458791208791209,26.0
300390,300390.XSHE,energy_storage,801737,天华新能,-797.4294,3.1296,341.3555,14.4004,1.75,21.47,16.84,8.81,0.22699999999999998,1.5735956298412965,False,,,16.84,0.6263736263736264,0.5222222222222223,0.6043956043956044,,0.5604395604395604,0.572958892958893,0.8,0.5,0.6200000000000001,0.6666666666666671,0.75,0.68,0.72375,1.0,1.0,0.6097191697191698,34.0
300409,300409.XSHE,energy_storage,801737,道氏技术,44.6301,2.3631,189.7736,6.3351,2.33,18.84,22.4,8.41,0.2366,0.8578319949489667,False,,0.02240640285367947,22.4,0.7252747252747253,0.46111111111111114,0.4725274725274725,0.6415094339622641,0.7692307692307693,0.596043341703719,0.8,0.5,0.6200000000000001,0.6666666666666671,0.75,0.68,0.72375,1.0,1.0,0.6270325062777893,30.0
300410,300410.XSHE,energy_storage,801737,正业科技,-39.3057,14.0885,33.9214,3.4604,2.86,26.54,30.08,3.0,0.0185,-2.7638433868703567,False,,,30.08,0.8351648351648352,0.5777777777777777,0.12087912087912088,,0.9120879120879121,0.5841107041107041,0.8,0.5,0.6200000000000001,0.6666666666666671,0.75,0.68,0.72375,1.0,1.0,0.6180830280830281,33.0
300432,300432.XSHE,energy_storage,801737,富临精工,79.46600000000001,7.1196,326.7352,5.3863,3.34,43.0,12.17,5.16,0.0881,1.0304501290406765,False,,0.012583998187904259,12.17,0.8901098901098901,0.8,0.5054945054945055,0.3584905660377358,0.3516483516483517,0.6823774967171193,0.8,0.5,0.6200000000000001,0.6666666666666671,0.75,0.68,0.72375,1.0,1.0,0.6917831225378396,14.0
300438,300438.XSHE,energy_storage,801737,鹏辉能源,-129.7874,4.9424,257.5105,12.0491,3.97,74.96,18.07,6.38,0.4029,0.6704864198113373,False,,,18.07,0.945054945054945,0.9666666666666667,0.43956043956043955,,0.6593406593406593,0.7713308913308913,0.8,0.5,0.6200000000000001,0.6666666666666671,0.75,0.68,0.72375,1.0,1.0,0.7584981684981685,3.0
300450,300450.XSHE,energy_storage,801737,先导智能,94.6645,6.4179,817.8503,5.3909,3.56,13.95,30.93,11.66,0.2848,3.348318189480411,False,,0.010563622054730125,30.93,0.9230769230769231,0.37777777777777777,0.7912087912087912,0.2641509433962264,0.9230769230769231,0.6634333939994318,0.8,0.5,0.6200000000000001,0.6666666666666671,0.75,0.68,0.72375,1.0,1.0,0.6775750454995739,17.0
300457,300457.XSHE,energy_storage,801737,赢合科技,60.1942,2.8342,186.2905,2.563,0.47,22.85,16.71,3.83,0.0479,3.8703762003417013,False,,0.01661289625910802,16.71,0.4175824175824176,0.5444444444444444,0.8461538461538461,0.49056603773584906,0.5384615384615384,0.554916334538976,0.8,0.5,0.6200000000000001,0.6666666666666671,0.75,0.68,0.72375,1.0,1.0,0.5961872509042321,39.0
300490,300490.XSHE,energy_storage,801737,华自科技,-10.6675,2.1308,46.9634,6.8369,-2.23,126.96,17.61,-9.91,-0.1245,-0.8724776712819271,False,,,17.61,0.12087912087912088,1.0,0.21978021978021978,,0.6373626373626373,0.46007326007326005,0.8,0.5,0.6200000000000001,0.6666666666666671,0.75,0.68,0.72375,1.0,1.0,0.5250549450549451,56.0
300568,300568.XSHE,energy_storage,801737,星源材质,161.0033,2.1035,207.4763,17.828,0.14,11.36,18.08,1.8,0.0104,0.34226999330039637,False,,0.00621105281692984,18.08,0.31868131868131866,0.3333333333333333,0.37362637362637363,0.18867924528301888,0.6758241758241759,0.3400534476006174,0.8,0.5,0.6200000000000001,0.6666666666666671,0.75,0.68,0.72375,1.0,1.0,0.4350400857004631,78.0
300619,300619.XSHE,energy_storage,801737,金银河,-126.9956,4.7561,75.0287,8.2793,3.48,49.57,22.97,7.23,0.3102,5.718435044240987,False,,,22.97,0.9010989010989011,0.8444444444444444,0.9120879120879121,,0.7802197802197802,0.8266503866503867,0.8,0.5,0.6200000000000001,0.6666666666666671,0.75,0.68,0.72375,1.0,1.0,0.7999877899877901,1.0
300648,300648.XSHE,energy_storage,801737,星云股份,-114.4791,5.893,80.2566,8.0946,-1.9,22.61,31.13,-8.94,-0.1499,-0.2613306797275213,False,,,31.13,0.14285714285714285,0.5333333333333333,0.25274725274725274,,0.9340659340659341,0.3693284493284494,0.8,0.5,0.6200000000000001,0.6666666666666671,0.75,0.68,0.72375,1.0,1.0,0.45699633699633707,73.0
300750,300750.XSHE,energy_storage,801737,宁德时代,27.5104,5.5833,17545.5092,0.5615,6.09,12.9,25.8,19.13,4.0663,1.102448551204508,False,,0.03634988949633593,25.8,0.967032967032967,0.35555555555555557,0.5164835164835165,0.8867924528301887,0.8791208791208791,0.6973028927745908,0.8,0.5,0.6200000000000001,0.6666666666666671,0.75,0.68,0.72375,1.0,1.0,0.7029771695809431,11.0
300769,300769.XSHE,energy_storage,801737,德方纳米,-14.5972,2.9753,154.7478,21.6095,-2.96,-1.6,2.7,-8.28,-0.5473,1.565776965696272,False,,,2.7,0.08791208791208792,0.17777777777777778,0.5934065934065934,,0.08791208791208792,0.2679202279202279,0.8,0.5,0.6200000000000001,0.6666666666666671,0.75,0.68,0.72375,1.0,1.0,0.380940170940171,82.0
300890,300890.XSHE,energy_storage,801737,翔丰华,332.4647,2.1217,43.5303,13.9625,1.05,31.08,14.04,5.03,0.1923,-2.3949805048311994,False,,0.0030078381253709043,14.04,0.5494505494505495,0.6444444444444445,0.14285714285714285,0.1320754716981132,0.43956043956043955,0.43048755577057457,0.8,0.5,0.6200000000000001,0.6666666666666671,0.75,0.68,0.72375,1.0,1.0,0.502865666827931,62.0
300919,300919.XSHE,energy_storage,801737,中伟新材,37.4543,2.3153,470.4213,4.2228,1.87,18.84,12.6,3.37,0.405,1.8322756877648356,False,,0.026699204096725875,12.6,0.6593406593406593,0.46111111111111114,0.6483516483516484,0.7547169811320755,0.37362637362637363,0.5979508681395475,0.8,0.5,0.6200000000000001,0.6666666666666671,0.75,0.68,0.72375,1.0,1.0,0.6284631511046607,29.0
300953,300953.XSHE,energy_storage,801737,震裕科技,52.9876,6.1134,261.483,4.2082,4.83,35.3,17.02,7.85,1.1563,0.32607689239941795,False,,0.018872339943684938,17.02,0.9560439560439561,0.7222222222222222,0.3626373626373626,0.5660377358490566,0.5714285714285714,0.6973683200098294,0.8,0.5,0.6200000000000001,0.6666666666666671,0.75,0.68,0.72375,1.0,1.0,0.7030262400073721,10.0
301121,301121.XSHE,energy_storage,801737,紫建电子,118.1356,2.7269,45.3315,5.9841,0.04,21.44,21.31,1.81,0.0067,-4.967374804791521,False,,0.0084648488685883,21.31,0.2857142857142857,0.5111111111111111,0.054945054945054944,0.22641509433962265,0.7472527472527473,0.32252893158553536,0.8,0.5,0.6200000000000001,0.6666666666666671,0.75,0.68,0.72375,1.0,1.0,0.42189669868915164,80.0
301150,301150.XSHE,energy_storage,801737,中一科技,422.3483,2.7253,97.0251,4.6134,0.66,17.01,6.03,1.54,0.1003,0.5736410432867498,False,,0.002367714040757356,6.03,0.4835164835164835,0.4111111111111111,0.4175824175824176,0.07547169811320754,0.2087912087912088,0.37830058131944927,0.8,0.5,0.6200000000000001,0.6666666666666671,0.75,0.68,0.72375,1.0,1.0,0.463725435989587,72.0
301152,301152.XSHE,energy_storage,801737,天力锂能,-11.8854,3.0712,41.3571,19.4797,-2.12,33.25,3.87,-5.19,-0.243,-2.631311917104109,False,,,3.87,0.13186813186813187,0.6888888888888889,0.13186813186813187,,0.0989010989010989,0.3272934472934473,0.8,0.5,0.6200000000000001,0.6666666666666671,0.75,0.68,0.72375,1.0,1.0,0.4254700854700855,79.0
301210,301210.XSHE,energy_storage,801737,金杨精密,91.8798,2.6515,48.9976,4.1163,0.78,28.81,12.07,4.0,0.1257,-1.517194347631135,False,,0.010883785119253633,12.07,0.5164835164835165,0.6111111111111112,0.16483516483516483,0.2830188679245283,0.33516483516483514,0.42817133949209424,0.8,0.5,0.6200000000000001,0.6666666666666671,0.75,0.68,0.72375,1.0,1.0,0.5011285046190707,63.0
301217,301217.XSHE,energy_storage,801737,铜冠铜箔,3995.3616,4.9835,269.6788,3.5954,0.51,51.34,4.21,1.6,0.0335,1.9229915267747584,False,,0.000250290236558313,4.21,0.43956043956043955,0.8555555555555555,0.6813186813186813,0.018867924528301886,0.13186813186813187,0.52223896299368,0.8,0.5,0.6200000000000001,0.6666666666666671,0.75,0.68,0.72375,1.0,1.0,0.57167922224526,47.0
301222,301222.XSHE,energy_storage,801737,浙江恒威,30.4037,2.2001,31.526,1.8687,1.77,-1.2,21.28,12.64,0.2516,-0.11095846962123077,False,,0.032890733693596505,21.28,0.6373626373626373,0.19444444444444445,0.2967032967032967,0.8490566037735849,0.7362637362637363,0.485938519900784,0.8,0.5,0.6200000000000001,0.6666666666666671,0.75,0.68,0.72375,1.0,1.0,0.5444538899255881,54.0
301238,301238.XSHE,energy_storage,801737,瑞泰新材,346.602,2.5339,183.48,8.7288,0.5,-8.44,20.29,8.07,0.049,2.7687734501632546,False,,0.0028851535767248893,20.29,0.42857142857142855,0.1111111111111111,0.7692307692307693,0.11320754716981132,0.7032967032967034,0.3883137128420147,0.8,0.5,0.6200000000000001,0.6666666666666671,0.75,0.68,0.72375,1.0,1.0,0.47123528463151115,70.0
301292,301292.XSHE,energy_storage,801737,海科新源,-59.5566,3.9914,108.056,43.8029,-3.09,80.43,-0.09,-7.16,-0.3824,2.0625726197995307,False,,,-0.09,0.07692307692307693,0.9777777777777777,0.7032967032967034,,0.06593406593406594,0.4981033781033781,0.8,0.5,0.6200000000000001,0.6666666666666671,0.75,0.68,0.72375,1.0,1.0,0.5535775335775336,51.0
301325,301325.XSHE,energy_storage,801737,曼恩斯特,-117.9335,2.8701,81.285,4.1464,-0.42,-43.11,24.15,-0.95,-0.0831,72.39676826438142,False,,,24.15,0.23076923076923078,0.03333333333333333,1.0,,0.8131868131868132,0.4066910866910867,0.8,0.5,0.6200000000000001,0.6666666666666671,0.75,0.68,0.72375,1.0,1.0,0.4850183150183151,67.0
301327,301327.XSHE,energy_storage,801737,华宝新能,49.233000000000004,1.7675,109.5987,2.9799,0.32,31.76,37.09,1.53,0.1142,1.8423867817264974,False,,0.020311579631547942,37.09,0.35714285714285715,0.6555555555555556,0.6593406593406593,0.6037735849056604,0.9560439560439561,0.5699699741209175,0.8,0.5,0.6200000000000001,0.6666666666666671,0.75,0.68,0.72375,1.0,1.0,0.6074774805906882,36.0
301349,301349.XSHE,energy_storage,801737,信德新材,287.8689,1.9736,53.8152,20.26,0.77,62.4,10.33,7.12,0.205,-1.2819178717843533,False,,0.003473803526535864,10.33,0.5054945054945055,0.9111111111111111,0.1978021978021978,0.16981132075471697,0.2967032967032967,0.49344330023575306,0.8,0.5,0.6200000000000001,0.6666666666666671,0.75,0.68,0.72375,1.0,1.0,0.5500824751768149,52.0
301358,301358.XSHE,energy_storage,801737,湖南裕能,82.3408,5.0167,616.0219999999999,10.2952,2.81,73.97,8.81,3.81,0.4469,-2.1712225148364697,False,,0.012144647610904922,8.81,0.8186813186813187,0.9555555555555556,0.15384615384615385,0.33962264150943394,0.26373626373626374,0.6213432549281606,0.8,0.5,0.6200000000000001,0.6666666666666671,0.75,0.68,0.72375,1.0,1.0,0.6460074411961204,25.0
301487,301487.XSHE,energy_storage,801737,盟固利,-165.8807,6.4548,121.7064,7.1865,0.23,25.96,5.23,0.67,0.0093,59.37810619943899,False,,,5.23,0.34065934065934067,0.5666666666666667,0.989010989010989,,0.18681318681318682,0.5415873015873016,0.8,0.5,0.6200000000000001,0.6666666666666671,0.75,0.68,0.72375,1.0,1.0,0.5861904761904763,44.0
301511,301511.XSHE,energy_storage,801737,德福科技,824.3549,5.1903,210.9057,7.2395,0.69,47.88,6.71,1.66,0.0442,2.9547172830953157,False,,0.0012130697591534907,6.71,0.4945054945054945,0.8222222222222222,0.7802197802197802,0.05660377358490566,0.24175824175824176,0.563802766066917,0.8,0.5,0.6200000000000001,0.6666666666666671,0.75,0.68,0.72375,1.0,1.0,0.6028520745501879,38.0
301587,301587.XSHE,energy_storage,801737,中瑞股份,78.9253,1.8218,36.4048,3.0418,0.43,18.71,24.43,4.0,0.0579,4.601124327343415,False,,0.012670208412258174,24.43,0.4065934065934066,0.4444444444444444,0.9010989010989011,0.37735849056603776,0.8461538461538461,0.5409941560884957,0.8,0.5,0.6200000000000001,0.6666666666666671,0.75,0.68,0.72375,1.0,1.0,0.5857456170663717,45.0
301662,301662.XSHE,energy_storage,801737,宏工科技,76.3171,6.6554,96.0,9.8269,-1.66,,22.15,-8.71,-0.3018,-6.4250345787626655,False,,0.013103223261890192,22.15,0.15384615384615385,,0.03296703296703297,0.39622641509433965,0.7582417582417582,0.2945884304374871,0.8,0.5,0.6200000000000001,0.6666666666666671,0.75,0.68,0.72375,1.0,1.0,0.4009413228281154,81.0
600110,600110.XSHG,energy_storage,801737,诺德股份,-54.8087,2.1226,124.93299999999999,8.4836,-0.37,34.32,10.86,-0.97,-0.0123,-5.213099017551232,False,,,10.86,0.24175824175824176,0.7,0.04395604395604396,,0.3076923076923077,0.3632234432234432,0.8,0.5,0.6200000000000001,0.6666666666666671,0.75,0.68,0.72375,1.0,1.0,0.4524175824175825,76.0
600152,600152.XSHG,energy_storage,801737,维科技术,-42.7048,2.2217,37.8292,5.7087,-1.18,-6.65,14.47,-5.13,-0.0382,-3.5703918139795134,False,,,14.47,0.1978021978021978,0.13333333333333333,0.08791208791208792,,0.4725274725274725,0.21724053724053724,0.8,0.5,0.6200000000000001,0.6666666666666671,0.75,0.68,0.72375,1.0,1.0,0.342930402930403,85.0
600241,600241.XSHG,energy_storage,801737,时代万恒,1208.0695,2.3324,27.2524,5.2504,-0.22,-15.75,25.24,-3.52,-0.0087,-4.178117537138547,False,,0.0008277669455275544,25.24,0.25274725274725274,0.08888888888888889,0.06593406593406594,0.03773584905660377,0.8681318681318682,0.18404650555593952,0.8,0.5,0.6200000000000001,0.6666666666666671,0.75,0.68,0.72375,1.0,1.0,0.3180348791669547,88.0
600478,600478.XSHG,energy_storage,801737,科力远,67.3371,4.3899,127.4139,4.8845,2.81,28.31,14.38,5.19,0.0483,0.16482653949854142,False,,0.014850654394085875,14.38,0.8186813186813187,0.5888888888888889,0.3516483516483517,0.4716981132075472,0.46153846153846156,0.5939227927907172,0.8,0.5,0.6200000000000001,0.6666666666666671,0.75,0.68,0.72375,1.0,1.0,0.625442094593038,31.0
600884,600884.XSHG,energy_storage,801737,杉杉股份,-278.143,1.3535,296.9225,5.8651,0.35,10.91,17.24,1.8,0.0339,10.00152299619292,False,,,17.24,0.37362637362637363,0.3111111111111111,0.9340659340659341,,0.5934065934065934,0.5005453805453806,0.8,0.5,0.6200000000000001,0.6666666666666671,0.75,0.68,0.72375,1.0,1.0,0.5554090354090354,50.0
601311,601311.XSHG,energy_storage,801737,骆驼股份,15.8809,1.2014,118.3704,2.4563,0.89,8.95,12.47,2.04,0.0743,1.6991244221121304,False,,0.0629687234350698,12.47,0.5274725274725275,0.28888888888888886,0.6263736263736264,1.0,0.3626373626373626,0.5356450956450957,0.8,0.5,0.6200000000000001,0.6666666666666671,0.75,0.68,0.72375,1.0,1.0,0.5817338217338218,46.0
603026,603026.XSHG,energy_storage,801737,石大胜华,-286.1477,3.3766,163.2398,14.0038,-0.13,5.5,4.1,-1.4,-0.0252,-7.174997378405211,False,,,4.1,0.26373626373626374,0.25555555555555554,0.02197802197802198,,0.12087912087912088,0.2351811151811152,0.8,0.5,0.6200000000000001,0.6666666666666671,0.75,0.68,0.72375,1.0,1.0,0.3563858363858365,84.0
603031,603031.XSHG,energy_storage,801737,安孚科技,55.2967,3.4982,106.5332,2.3722,2.75,-7.89,51.66,21.15,0.2633,1.3950895324007042,False,,0.018084261809475068,51.66,0.7967032967032966,0.12222222222222222,0.5604395604395604,0.5471698113207547,0.989010989010989,0.5491383110251035,0.8,0.5,0.6200000000000001,0.6666666666666671,0.75,0.68,0.72375,1.0,1.0,0.5918537332688276,41.0
603032,603032.XSHG,energy_storage,801737,德新科技,-40.5379,4.6446,52.7977,8.6362,1.31,65.1,29.95,11.48,0.0633,1.5396837781686938,False,,,29.95,0.5824175824175825,0.9333333333333333,0.5714285714285714,,0.9010989010989011,0.6840537240537241,0.8,0.5,0.6200000000000001,0.6666666666666671,0.75,0.68,0.72375,1.0,1.0,0.6930402930402931,13.0
603659,603659.XSHG,energy_storage,801737,璞泰来,38.4741,3.2188,635.5787,2.6316,3.32,6.66,33.11,18.78,0.3017,0.6337222216395296,False,,0.025991511172451076,33.11,0.8681318681318682,0.26666666666666666,0.42857142857142855,0.7169811320754716,0.945054945054945,0.6048038334830788,0.8,0.5,0.6200000000000001,0.6666666666666671,0.75,0.68,0.72375,1.0,1.0,0.6336028751123091,27.0
603906,603906.XSHG,energy_storage,801737,龙蟠科技,-30.4659,4.5134,135.0291,12.9912,-0.83,5.33,13.47,-0.96,-0.037000000000000005,3.4153708092534742,False,,,13.47,0.21978021978021978,0.24444444444444444,0.8021978021978022,,0.4065934065934066,0.39265771265771265,0.8,0.5,0.6200000000000001,0.6666666666666671,0.75,0.68,0.72375,1.0,1.0,0.4744932844932846,69.0
605378,605378.XSHG,energy_storage,801737,野马电池,71.8622,5.2073,65.0753,3.24,1.94,4.37,14.22,5.42,0.0919,-1.5075761284781115,False,,0.013915521651160136,14.22,0.6758241758241759,0.2222222222222222,0.17582417582417584,0.4339622641509434,0.45054945054945056,0.4075970849555756,0.8,0.5,0.6200000000000001,0.6666666666666671,0.75,0.68,0.72375,1.0,1.0,0.4856978137166818,66.0
688005,688005.XSHG,energy_storage,801737,容百科技,-875.4371,2.6049,211.2014,6.5071,-1.65,-38.29,4.35,-5.13,-0.1892,-3.4174513220257836,False,,,4.35,0.16483516483516483,0.044444444444444446,0.0989010989010989,,0.14285714285714285,0.16276760276760277,0.8,0.5,0.6200000000000001,0.6666666666666671,0.75,0.68,0.72375,1.0,1.0,0.30207570207570217,90.0
688006,688006.XSHG,energy_storage,801737,杭可科技,56.9438,3.4949,191.3641,1.9675,1.8,-3.75,40.07,13.01,0.1618,-0.9936210164942082,False,,0.01756117435085119,40.07,0.6483516483516484,0.16666666666666666,0.2087912087912088,0.5283018867924528,0.967032967032967,0.43722901836109385,0.8,0.5,0.6200000000000001,0.6666666666666671,0.75,0.68,0.72375,1.0,1.0,0.5079217637708204,60.0
688063,688063.XSHG,energy_storage,801737,派能科技,322.4164,1.8188,166.329,5.5556,0.37,56.13,21.08,3.67,0.1383,1.9117066508745149,False,,0.003101579200065505,21.08,0.38461538461538464,0.8888888888888888,0.6703296703296703,0.1509433962264151,0.7252747252747253,0.5677855338232697,0.8,0.5,0.6200000000000001,0.6666666666666671,0.75,0.68,0.72375,1.0,1.0,0.6058391503674523,37.0
688116,688116.XSHG,energy_storage,801737,天奈科技,74.2258,5.2939,195.7196,2.8576,2.11,-11.79,40.17,23.06,0.2166,1.1560970857603152,False,,0.013472404473916077,40.17,0.7032967032967034,0.1,0.5274725274725275,0.41509433962264153,0.978021978021978,0.4871407837445573,0.8,0.5,0.6200000000000001,0.6666666666666671,0.75,0.68,0.72375,1.0,1.0,0.545355587808418,53.0
688148,688148.XSHG,energy_storage,801737,芳源股份,-12.8357,19.0046,55.0477,7.8297,6.46,57.3,12.07,4.83,0.055,-0.13608147541402027,False,,,12.07,0.978021978021978,0.9,0.2857142857142857,,0.33516483516483514,0.7121611721611724,0.8,0.5,0.6200000000000001,0.6666666666666671,0.75,0.68,0.72375,1.0,1.0,0.7141208791208793,8.0
688155,688155.XSHG,energy_storage,801737,先惠技术,30.8072,3.4955,74.0203,1.7557,2.53,-0.97,26.31,12.98,0.4236,0.12843055108785262,False,,0.03245994442857514,26.31,0.7472527472527473,0.2111111111111111,0.34065934065934067,0.8301886792452831,0.8901098901098901,0.5435448967524439,0.8,0.5,0.6200000000000001,0.6666666666666671,0.75,0.68,0.72375,1.0,1.0,0.5876586725643329,43.0
688275,688275.XSHG,energy_storage,801737,万润新能,-18.3289,2.1905,114.4777,21.13,-1.64,52.26,4.02,-3.19,-0.6835,-4.115712949834174,False,,,4.02,0.17582417582417584,0.8666666666666667,0.07692307692307693,,0.10989010989010989,0.3790964590964591,0.8,0.5,0.6200000000000001,0.6666666666666671,0.75,0.68,0.72375,1.0,1.0,0.46432234432234437,71.0
688339,688339.XSHG,energy_storage,801737,亿华通,-14.0012,3.1509,71.372,4.8906,-6.35,-80.6,-6.18,-510.4,-0.6391,-0.24297669906694877,False,,,-6.18,0.054945054945054944,0.011111111111111112,0.26373626373626374,,0.04395604395604396,0.14362230362230363,0.8,0.5,0.6200000000000001,0.6666666666666671,0.75,0.68,0.72375,1.0,1.0,0.2877167277167278,91.0
688345,688345.XSHG,energy_storage,801737,博力威,-143.096,3.3287,36.7476,1.7494,1.15,63.62,17.03,1.66,0.1238,2.1657846281160555,False,,,17.03,0.5604395604395604,0.9222222222222223,0.7142857142857143,,0.5824175824175825,0.6810907610907612,0.8,0.5,0.6200000000000001,0.6666666666666671,0.75,0.68,0.72375,1.0,1.0,0.6908180708180709,15.0
688353,688353.XSHG,energy_storage,801737,华盛锂电,-101.6323,4.4915,148.335,13.7963,-0.91,46.89,-2.77,-17.52,-0.1896,0.38775107238539763,False,,,-2.77,0.2087912087912088,0.8111111111111111,0.3956043956043956,,0.054945054945054944,0.43534391534391537,0.8,0.5,0.6200000000000001,0.6666666666666671,0.75,0.68,0.72375,1.0,1.0,0.5065079365079366,61.0
688388,688388.XSHG,energy_storage,801737,嘉元科技,-297.0109,2.3535,160.2713,6.9827,0.06,34.48,4.71,0.13,0.0097,7.264652481338977,False,,,4.71,0.2967032967032967,0.7111111111111111,0.9230769230769231,,0.15384615384615385,0.55006919006919,0.8,0.5,0.6200000000000001,0.6666666666666671,0.75,0.68,0.72375,1.0,1.0,0.5925518925518926,40.0
688392,688392.XSHG,energy_storage,801737,骄成超声,84.9238,7.5224,135.408,4.3281,2.02,20.16,64.74,16.18,0.311,0.34652468197136954,False,,0.01177526205845711,64.74,0.6923076923076923,0.4777777777777778,0.38461538461538464,0.32075471698113206,1.0,0.544533677363866,0.8,0.5,0.6200000000000001,0.6666666666666671,0.75,0.68,0.72375,1.0,1.0,0.5884002580228995,42.0
688499,688499.XSHG,energy_storage,801737,利元亨,-19.7128,4.1017,93.9818,3.4074,0.62,90.63,18.08,1.52,0.0835,25.563807960507095,False,,,18.08,0.4725274725274725,0.9888888888888889,0.945054945054945,,0.6758241758241759,0.721945461945462,0.8,0.5,0.6200000000000001,0.6666666666666671,0.75,0.68,0.72375,1.0,1.0,0.7214590964590966,6.0
688567,688567.XSHG,energy_storage,801737,孚能科技,-53.3141,2.2924,220.5898,2.2389,-2.3,-1.2,5.65,-10.11,-0.1829,-1.2874184776204365,False,,,5.65,0.10989010989010989,0.19444444444444445,0.18681318681318682,,0.1978021978021978,0.20569800569800567,0.8,0.5,0.6200000000000001,0.6666666666666671,0.75,0.68,0.72375,1.0,1.0,0.33427350427350433,87.0
688573,688573.XSHG,energy_storage,801737,信宇人,-17.808,4.0449,25.6899,4.1529,-12.51,-73.38,-43.54,-1053.57,-0.8672,0.7548409766805937,False,,,-43.54,0.01098901098901099,0.022222222222222223,0.46153846153846156,,0.01098901098901099,0.16929588929588932,0.8,0.5,0.6200000000000001,0.6666666666666671,0.75,0.68,0.72375,1.0,1.0,0.30697191697191706,89.0
688638,688638.XSHG,energy_storage,801737,誉辰智能,-14.5444,2.7984,23.9064,3.5461,-5.68,38.72,16.33,-22.47,-0.8909,-0.7253947802931624,False,,,16.33,0.06593406593406594,0.7444444444444445,0.24175824175824176,,0.5054945054945055,0.36921448921448924,0.8,0.5,0.6200000000000001,0.6666666666666671,0.75,0.68,0.72375,1.0,1.0,0.45691086691086696,74.0
688707,688707.XSHG,energy_storage,801737,振华新材,-14.6861,1.9025,77.7355,3.4146,-2.79,-27.32,-16.29,-32.62,-0.2269,0.8711085421970775,False,,,-16.29,0.0989010989010989,0.06666666666666667,0.4835164835164835,,0.02197802197802198,0.21557997557997557,0.8,0.5,0.6200000000000001,0.6666666666666671,0.75,0.68,0.72375,1.0,1.0,0.3416849816849818,86.0
688733,688733.XSHG,energy_storage,801737,壹石通,-370.4895,2.8326,61.4309,8.0336,0.17,20.47,24.4,1.84,0.0183,-10.89647575349514,False,,,24.4,0.32967032967032966,0.4888888888888889,0.01098901098901099,,0.8241758241758241,0.36407000407000406,0.8,0.5,0.6200000000000001,0.6666666666666671,0.75,0.68,0.72375,1.0,1.0,0.45305250305250316,75.0
688772,688772.XSHG,energy_storage,801737,珠海冠宇,52.1878,4.0195,286.6398,1.7714,3.67,33.22,25.13,5.75,0.2385,3.6367446972934245,False,,0.019161566496384213,25.13,0.9340659340659341,0.6777777777777778,0.8131868131868132,0.5849056603773585,0.8571428571428571,0.7898636932599197,0.8,0.5,0.6200000000000001,0.6666666666666671,0.75,0.68,0.72375,1.0,1.0,0.7723977699449398,2.0
688778,688778.XSHG,energy_storage,801737,厦钨新能,60.005,4.3702,393.7095,2.5573,2.75,54.25,10.0,4.52,0.4861,0.9978299015023225,False,,0.016665277893508874,10.0,0.7967032967032966,0.8777777777777778,0.4945054945054945,0.5094339622641509,0.2857142857142857,0.6855150858924444,0.8,0.5,0.6200000000000001,0.6666666666666671,0.75,0.68,0.72375,1.0,1.0,0.6941363144193333,12.0
688779,688779.XSHG,energy_storage,801737,五矿新能,-40.5702,2.1497,144.1127,3.0781,0.1,69.79,6.51,0.31,0.0035,48.37360238503201,False,,,6.51,0.3076923076923077,0.9444444444444444,0.978021978021978,,0.22527472527472528,0.6317053317053317,0.8,0.5,0.6200000000000001,0.6666666666666671,0.75,0.68,0.72375,1.0,1.0,0.6537789987789988,22.0
688819,688819.XSHG,energy_storage,801737,天能股份,23.1739,1.9945,336.055,0.5354,2.96,10.83,14.81,3.98,0.5053,2.1777090530641607,False,,0.04315199426941516,14.81,0.8461538461538461,0.3,0.7252747252747253,0.9811320754716981,0.4835164835164835,0.6701582694035525,0.8,0.5,0.6200000000000001,0.6666666666666671,0.75,0.68,0.72375,1.0,1.0,0.6826187020526644,16.0
